# ?餅?銝???嚗lug ?帘摰??亦Ⅳ<TAB>?琿???嚗?# ?桃?嚗?瘥活?游?雿平銝??閰摯?見?镼踴ools/find_new.py ????日ㄐ???柴?# ?單霈捱摰停?府銵??摰???箇?典?閰摯皜??ninebysixteen	摰璅內撌脣??桐?銝???
1mattemask	FxFactory ??????After Effects 雿?蝷?This product is no longer available嚗惇?撌亙
2d-ring-wipes	Final Cut Pro X 撠頧蝝?
2d-special-effects-for-animation-composer	撌脣??殷?銝 Animation Composer ?函??身/蝝???3d-bevel	摰??蝷箏歇?嚗iscontinued嚗?3d-layer-distributor	璆萄???穿??芸? 3D 蝛粹??冽???嚗??賢鋡急?極?瑕?隞?3d-paper-jam	?桐?鋆ˇ?扳???璆萄???3d-presets-for-element-3d	Element 3D ??閮剖?嚗?撌亙?祈澈
3d-splitter	璆萄??銝??單嚗?撌脫???/敶撌亙??
3d-text-creator	???3D Letters Animator ??嚗?????撅文?雿?3d-widgets	摰??蝷箏歇?嚗iscontinued嚗?8mm-distress-kit-4k-classic	8mm ?蝝??????極??8mm-distress-kit-4k-premium	8mm ?蝝??????極??activatedisabledexpressions	璆萄??銝??單嚗??啣??刻◤???蝞?嚗?add-anchor-point	摰??誨??嚗銝撖阡??隤芣?
3d-video-polygons	摰?Ｗ??? Works in ?? Final Cut Pro嚗???After Effects ?舀
active-transitions	摰?Ｗ??? Works in ?? Final Cut Pro嚗???質??飛銋?摰?Final Cut Pro
add-edit-markers	璆萄??銝??單嚗?箏暺?璅?嚗?add-parented-null-to-selected-layers	璆萄???穿?AE ?批遣??極?瑕?誨
adobe-advanced-3d-depth-of-field-26-3	Adobe 摰? Advanced 3D 蝞??函??舀楛撅祆改?銝 Effect ?Ｘ銝剔??函???嚗??Depth of Field嚗amera Lens Blur 撌脫??adobe-median-legacy	Adobe 摰撠迨????Legacy嚗??賢歇?梁銵?Median 瘨菔?嚗???銴?????
adobe-basic-3d-obsolete	Adobe 摰? Obsolete ??嚗?箄?撠??詨捆嚗銵?3D 撌亙撌脫項??
adobe-basic-text-obsolete	Adobe 摰? Obsolete ??嚗?箄?撠??詨捆嚗銵?摮?撅文歇?誨?嗅???adobe-color-key-obsolete	Adobe 摰? Obsolete ??嚗?箄?撠??詨捆嚗銵?Keylight ??萄極?瑕歇?誨
adobe-gaussian-blur-legacy	Adobe 摰? Obsolete ??嚗蒂?內?曇? Gaussian Blur ?箸隞????adobe-lightning-obsolete	Adobe 摰? Obsolete ??嚗?箄?撠??詨捆嚗銵?Advanced Lightning 撌脣?隞?adobe-luma-key-obsolete	Adobe 摰? Obsolete ??嚗?箄?撠??詨捆嚗銵漁摨阡?脩?撌乩?瘚?撌脣?隞?adobe-path-text-obsolete	Adobe 摰? Obsolete ??嚗?箄?撠??詨捆嚗銵楝敺?摮??怠撌脣?隞?adobe-reduce-interlace-flicker-obsolete	Adobe 摰? Obsolete ??嚗?箄?撠??詨捆嚗??璆萄???adobe-spill-suppressor-obsolete	Adobe 摰? Obsolete ??嚗?箄?撠??詨捆嚗銵?Advanced Spill Suppressor 撌脣?隞?adobe-linear-wipe	撌脩 builtin-ae.jsonl ??Linear/Radial Wipe ?蔥璇瘨菔?嚗?銝??迂???園?
adobe-object-matte-26-2	Adobe 摰? AI ?詨????Ｚ?餈質馱撌亙嚗???Effect ?Ｘ銝剔??批遣??嚗???澈銝?銝?砍??賣???????adobe-parametric-meshes-26-0	Adobe 摰? 3D Mesh 撱箸芋?嚗??臬憟?撱箸???adobe-substance-3d-materials-26-0	Adobe 摰? 3D ?釭撌乩?瘚?嚗??舐蝡撱箸???adobe-quick-apply-26-2	Adobe 摰???銝血銵???閮剛??賭誘?極雿?蝔?銝???祇?
advanced-color-control	摰??誨??嚗銝撖阡??隤芣?
aefocus	?舐蝡??Ｘ??函?撘??梯?瘚桀??Ｘ嚗?銝 AE 憭????pioneer	MIDI ??/?憐???剁???AE 敶勗?鋆賭??⊿?
ae-link-lightwave-to-after-effects-export	摰璅內撌脣??殷?銝 LightWave ??AE 銋??????亙極??ae-shader-effector	摰璅內撌脣??殷??銝血遣霅唳?典隞?Effector 撌亙
aemap	摰?Ｗ?????舀撖衣?撖阡??隤芣?嚗?閬?銝誑?迂?葫?園?
aempeg	摰?Ｗ????蝷?No Longer Available嚗惇撌脣??桀極??bend-layers	摰?Ｗ???蝷?No Longer Available嚗惇撌脣??桀極??blinky	摰?Ｗ???蝷?No Longer Available嚗??賢歇雿萄 TYPE嚗??Ｗ?撌脣???captionlab	摰?Ｗ?????Premiere Pro嚗??桀?璅內 No Longer Available嚗??舀 After Effects
ae-pixel-sorter-2	??銝??賢歇?梯??澈銝剔? Pixel Sorter 4 ?誨嚗????園?
ae-shapes-blender	敶Ｙ?瘛瑕?嚗?撌脫?? Super Morphings ??
ae-sheets	AI 憭?閮?典???歇?園???LingoFlip ??
ae-spell-checker	?澆?瑼Ｘ?撌脣??怠撌脫?? Textlab Pro
ae-suicide-after-effects-crash-recovery	??刻???macOS ??AE ?嗆?敺拙?嚗像?啗??券??潔噸??aefx-shortcut-icons-and-profiles	Stream Deck嚗ouch Portal ??蝷箄?閮剖?瑼???撅祉???閮剖?瑼? AE 撌亙
aeviewer	撌脫? AEVIEWER Pro嚗????啣????Ｗ?
after-ease	敶歲嚗??抒楨???歇?園???OverAct嚗ease ??
after-effects-pro-toolkit-for-stream-deck	Stream Deck ??閮剖?瑼???銝 AE 憭???砍極??after-effects-shortcut-icons	Stream Deck嚗ouch Portal ?瑕??內?身摰?嚗惇蝝???after-spell	??刻???AE CC 2015嚗??閮餅??桀??芣? macOS ?賣迤撣賊?雿?隞?”?找?頞?afteremoji	摰璅內撌脣???ai-color-match-pro	撌脫? AI Color Match嚗????啣????賜????ai-relight	撌脫? AI Relight Pro嚗????啣????Ｗ?
aibar	Adobe Illustrator 撠撌亙??銝??After Effects
aibow-voice-gemini	Adobe Premiere Pro 撠隤??憭?嚗??舀 After Effects
akuto	??摮??Ｗ?嚗惇摮?嚗??怎???? AE 撌亙
align-pro	摰??蝷箏歇?嚗iscontinued嚗?smart-marker	璅?撌亙嚗?撌脫?? TimeMarker ??
anarchy-complete-bundle	憟???Beauty Box?licker Free?amurai Sharpen?ight Wrap Fantastic ??Data Storyteller ?閰摯?喳
anicons-the-animated-icon-library	摰璅內撌脣??殷?銝惇???內蝝?摨?animated-textures-for-animation-composer	摰璅內撌脣??殷?銝惇 Animation Composer ??鞈芰???
animation-composer	摰??璇隤芣?撌脫?蝷箏??殷?銝嚗??園? discontinued ?Ｗ?
animation-composer-pro	摰璅內撌脣??桃?憟??Ｗ?嚗??啣??? bundle
animationpatterns	撌脫? animationPATTERNSpro嚗????啣????Ｗ?
animography-amelie	?桐???摮?蝝?嚗??舫 AE 憭???砍極??animography-anodine	?桐???摮?蝝?嚗??舫 AE 憭???砍極??animography-bad-romance	摰璅內撌脣??殷?銝惇?桐???摮?蝝?
animography-bahn	摰璅內撌脣??殷?銝惇?桐???摮?蝝?
animography-barbour	?桐???摮?蝝?嚗??舫 AE 憭???砍極??animography-basic-space	?桐?撖阡??批???????銝? AE 憭???砍極??animography-binary	?桐???摮?蝝?嚗??舫 AE 憭???砍極??animography-boomerang	?桐???摮?蝝?嚗??舫 AE 憭???砍極??animography-burstype	?桐???摮?蝝????詨??怎???銝? AE 撌亙
animography-cappuccino	?桐???摮?蝝?嚗??舫 AE 憭???砍極??animography-enigma	?桐???摮?蝝?嚗??舫 AE 憭???砍極??animography-explodots	?桐???摮?蝝?嚗??舫 AE 憭???砍極??animography-fat-frank	?桐???摮?蝝?嚗??舫 AE 憭???砍極??animography-fiesta	摰璅內撌脣??殷?銝惇?桐???摮?蝝?
animography-friction	?桐???摮?蝝?嚗??舫 AE 憭???砍極??animography-haywire	摰璅內撌脣??殷?銝惇?桐???摮?蝝?
animography-hotdish	摰璅內撌脣??殷?銝惇?桐???摮?蝝?
animography-huboost	摰璅內撌脣??殷?銝惇?桐???摮?蝝?
animography-indie	?桐???摮?蝝?嚗??舫 AE 憭???砍極??animography-ink	?桐???摮?蝝?嚗??舫 AE 憭???砍極??animography-isotype	?桐???摮?蝝?嚗??舫 AE 憭???砍極??animography-jasper	摰璅內撌脫偶銋??塚?銝惇?桐???摮?蝝?
animography-lasio-grotesk	摰璅內撌脫偶銋??塚?銝惇?桐???摮?蝝?
animography-league-spartan	?桐???摮?蝝?嚗??舫 AE 憭???砍極??animography-lovelo	?桐???摮?蝝?嚗??舫 AE 憭???砍極??animography-madita	?桐???摮?蝝?嚗??舫 AE 憭???砍極??animography-madrid	?桐???摮?蝝?嚗??舫 AE 憭???砍極??animography-magnus	摰璅內撌脣??殷?銝惇?桐???摮?蝝?
animography-mantis	摰璅內撌脣??殷?銝惇?桐???摮?蝝?
animography-mobilo-regular	?桐???摮?蝝?嚗??舫 AE 憭???砍極??animography-moldover	摰?Ｗ?????舀撖衣??隤芣?嚗?靘?頂??瑞??摮?蝝?
animography-moshun-2224	?桐???摮?蝝?嚗??舫 AE 憭???砍極??animography-multicolore	?桐???摮?蝝?嚗??舫 AE 憭???砍極??animography-novecento	摰璅內撌脫偶銋??塚?銝惇?桐???摮?蝝?
animography-pincoya	摰璅內撌脣??殷?銝惇?桐???摮?蝝?
animography-pixelar	?桐???摮?蝝?嚗??舫 AE 憭???砍極??animography-radiate	?桐????摮?蝝?嚗??舫 AE 憭???砍極??animography-razor	摰璅內撌脫偶銋??塚?銝惇?桐???摮?蝝?
animography-spirograph	摰璅內撌脣??殷?銝惇?桐???摮?蝝?
animography-type-36	?桐???摮?蝝?嚗??舫 AE 憭???砍極??counter-pro	?歇?園???Number Maker ?詨?閮?撘??怠??賡?摨阡?銴?create3dshapes	?歇?園???3D Primitives Generator嚗?D Modeler 撟曆?擃????摨阡?銴?cadence	?歇?園???VoxMark 隤頧?璅??擃漲??
animography-typogami	?桐? 2.5D ??摮?蝝?嚗??舫 AE 憭???砍極??animography-voyager	?桐???摮?蝝?嚗??舫 AE 憭???砍極??animography-webster	?桐???摮?蝝?嚗??舫 AE 憭???砍極??any-shake	Premiere Pro 撠????嚗??舀 After Effects
anyfx360	摰?Ｗ?????舀撖衣?撖阡??隤芣?嚗?閬?銝誑?迂?葫?園?
aod-?銵???隞?撅祆??撌亙??鋆?嚗?瘝??舀撖衣?摰???p_textmask	?亦摰?Ｗ????⊥?撽?????AE ?詨捆??aurum	摰????蝷箏歇?嚗雿踹??賢??湛?隞?蝚血??曇??園?璅?
arabictext-c4d	Cinema 4D 撠?踵?隡舀?摮極?瘀?銝??After Effects
architect-pro	Premiere Pro 撠??頠詨極?瘀?銝??After Effects
arri-look-library	ARRI Look Library ?祈釭??LUT ?脣蔗?交銵典?嚗???撌亙
arri-look-library	摰?Ｗ?蝝Ｗ??內??look library嚗UT 憿??? Film Lab workflow嚗??舐蝡?After Effects 憭?
astleyizer	?犖?抵???Rick Astley ?銝?拍???嚗??賡??澆???aura-render-only	Aura ??剔???甈?銝?函?憭??Ｗ?
audiogen-for-after-effects	??Audiogen AI ??摰?Ｗ???AE slug嚗?隞祥嚗?鞎餅?蝷箇霅啗?雿??銝???踹??拙??亦Ⅳ???弦
auraglow	摰?Ｗ?????舀撖衣?撖阡??隤芣?嚗?閬?銝誑?迂?葫?園?
autocircularmotion	???嚗?撌脫?? Orbit Script嚗ircle Rig Pro ??
auto-handwriting-rig-for-cinema-4d	Cinema 4D 撠?神?蝬?撌亙嚗??舀 After Effects
automated-video-editing-for-premiere-pro	Premiere Pro 撠?芸??芾摩撌亙嚗??舀 After Effects
automation-blocks-for-premiere-pro	Premiere Pro 撠?芸??極?瘀?銝??After Effects
automation-toolkit	撌脫? Automation Toolkit Pro嚗????啣????Ｗ?
auto-motion-tracker-for-objects	Premiere Pro 撠?桃蔗餈質馱頧?撌亙嚗??舀 After Effects
autosortbinspro	Premiere Pro 撠蝝?蝞望?極?瘀?銝??After Effects
auto-subtitles	AEJuice ??????After Effects嚗???撱? Auto Captions ? AI 隤頧?甇伐???摮?嚗??賡?摨阡????祈憚靽???batch processing?rand settings?ustom dictionary ?憭?caption controls ??Auto Captions嚗??亥?鋆?quick-folders	AEJuice ???祥撌亙????After Effects嚗銝?菟???projects?cripts?lugins ??render folders嚗????? Portal (Knights of the Editing Table) ????冗??撠??詨?頝臬????曉??賡?摨阡????思??衣?璇
avtic-auto	Premiere Pro 撠?芸??芾摩撌亙嚗??舀 After Effects
avtic-for-davinci-resolve	DaVinci Resolve 撠撌亙嚗??舀 After Effects
awkward-pause	摰璅內撌脣???b-roll-genie	摰?Ｗ?????舀撖衣?撖阡??隤芣?嚗?閬?銝誑?迂?葫?園?
backgrounds-2	摰璅內撌脣??殷?銝惇 Animation Composer ?蝝???backup-it	Premiere Pro 撠摨??遢撌亙嚗??舀 After Effects
bad-tv	撌脫? third-party.jsonl嚗????啣? aescripts 撣?????bad-tv-render-only	Bad TV ??剔???甈?銝?函?憭??Ｗ?
batch-markers-for-cavalry	Cavalry 撠??璅?撌亙嚗??舀 After Effects
batch-processor-for-cinema-4d	Cinema 4D 撠 3D ?澆??寞活頧?撌亙嚗??舀 After Effects
bbtools-glow-and-glare	Photoshop 撠憭?嚗??舀 After Effects
bbtools-shadow	Photoshop 撠憭?嚗??舀 After Effects
bbtools-tiler	Photoshop 撠憭?嚗??舀 After Effects
beatedit-for-audition	Audition 撠
beatedit-for-davinci-resolve	DaVinci Resolve 撠?嚗??舀 After Effects
beatedit-for-premiere-pro	Premiere Pro 撠?嚗E ?銵誑?暹?璇?箸?
beziyay	鞎??閬死????潭?摮詨?閫??璆萄???colorama-browser	摰?歇?寧 GradientHub嚗?銝?Ｗ???嚗radientHub 撌脫??more-lively-text	?乩??唬遙雿??寧???牧??mobar	摰??蝷箏歇銝嚗o longer available嚗?dither-decay	??????歇?園???RetroDither嚗ixel Encoder ??
blacklight-composite-suite	摰??蝷箇 Color Match Analyzer?mart Matte Choker?ill Matte Holes 銝極?瑕?鋆?嚗?閬?銝誑?游??園?
blasterbolt	FxFactory ??????After Effects 雿?蝷?This product is no longer available嚗惇?撌亙
blend	?臬撌亙?文?撌脰? builtin-ae.jsonl ??Blend 璇??嚗??西??園? aescripts ?
blenderae	撌脫? third-party.jsonl嚗????啣? aescripts 撣?????blueprint	銝餉???AE ??Bodymovin 鋆賭? CasparCG HTML 撱?璅⊥嚗indows ??銝???澆??
blinding-lights	摰?Ｗ??? Works in ?? Final Cut Pro嚗???質??飛銋?摰?Final Cut Pro
blob-it	?歇?園???CC Blobbylize?olloid 蝑?瘨莎???撘?璈?敶Ｗ??賡?摨阡?銴?box-it	?歇?園???TextBox 2?nimated TextBlock ???芷??摮??擃漲??
boardfish	摰璅內撌脖??塚?銝?函???Mac ???蝔?
bodymovin	摰 GitHub嚗dobe Exchange 撠???Bodymovin 撌脣??冽 aescripts.jsonl ?odymovin - Lottie?????孵??質? URL 銝?銴憓?motion-factory-file-manager	摰 Adobe Exchange ? 3.3.7 ?敺?唳 2021 撟湛?餈?閰??撠???After Effects 銝摰對?閬蝬剛風嚗摰寞找?頞唾??motion-factory	摰?曇??Ｗ?銝餉??舀芋?踴UT?FX???渲??單?蝝???嚗??勗?隞塚?撅?bundle嚗???嚗?隞交擃?憓極?瑟???guide-layout-for-after-effects	?芣? Adobe Exchange marketplace ??舀撖佗??芣?啣颲刻???撱???辣?????曇? GuideGuide 撌脫?摰??????踹?撘曹?皞?餈?銴?audiogen-ai	摰??詨祕 After Effects ??頧??喉?甇?嚗? Adobe Exchange 閰???1.8嚗?嚗?憭?雿輻???勗?鞎餅?蝷箄?撖阡?? API key嚗??曹?銝?湛??祈憚?思??園?
booth-1072862	?桅撱箇???蝣潸?祈??Ｘ? Calc AE嚗??Ⅳ撌亙擃漲??
booth-1085105	CGM_TextReplace ???Replace Text ???嚗??券??箇陛?撱箸?摮??雿?booth-6176975	FX Console 蝢收摮身摰?Ｘ??單??亥身摰?嚗??函? After Effects 撌亙
booth-1095863	瞍?具??扼????Reimhak.EFX嚗??極??booth-4180375	TRPG ??APNG 蝝?嚗?撌亙
booth-1539197	VJ 敶梁?蝝?嚗?撌亙
booth-1654878	Unity ?剁?Cine Switcher嚗???AE host
booth-1821817	Unity ?具?扼??潘?MMGS嚗???AE host
booth-1828972	VRChat Shader ?貊?嚗?撌亙
booth-1871257	JavaScript ?貊?嚗?撌亙
booth-1924596	Premiere Pro ?剁??詻?啜?拙??Excel ??恬?嚗? AE host
booth-2027417	??餈質馱摮? 10 蝔格 AEP嚗ssential Graphics 璅⊥蝝?嚗??舐蝡?AE 撌亙
booth-2049725	?箸頧 5 蝔格 AEP 璅⊥蝝?嚗??臬????單撌亙
booth-2110922	? Premiere ??具?????准?? Premiere Pro ??MOGRT 璅⊥嚗???After Effects host 撌亙
booth-2190961	o2composite 閰衣???芸??Ｕ?瑯?喉?嚗岫?函?銝
booth-2220487	Premiere Pro ?身嚗? AE 撌亙
booth-2245240	VRoid avatar 憸冽??????After Effects 撌亙
booth-2252490	Simple Countup ??AEP 閮?撠?瑼?撅祆蝝?嚗?靘?獢??函? AE 撌亙
booth-2307736	Alterna ????摰???圈??撅歹????Nth Layer Selector ??????賜??booth-6815576	AE_BatchToolkit ?誨???敶拍征??敶望?甈∠恣?歇???Layers Pro?ffect Remover Pro ???AE 撌乩?瘚?瘨菔?嚗??雲憭?寧??桐??券?booth-5899013	ChoooooseiLayer 隞?Null ??????????惜蝭?嚗? AE Adjustment Layer ???Control LMFX ??蝯???園?摨阡???撌桃?券?蝒?gumroad-impactfx	?格活撱箇?銵??⊿?????BCC+ Camera Shake?niverse Camera Shake?_Shake ??甈暸??極?琿?摨阡?銴?gumroad-gridlayerscopy	?寞??敶Ｚ?銝?敶Ｘ???撅斤??券歇??Layers2Grid?ridder 2 ??Tweaks ??蝔?Spreaders 瘨菔?
booth-2308032	Chesstics ?臬?撅斤雯?潭?摨極?瘀??歇?園? Checkerboard Grid Tool 蝑??賡???booth-1199960	LongShadow ?臬蝝?After Effects ?身嚗??園?蝝?閮剜?
booth-2308062	GreenRoom ?航?砍??嚗??Ｘ? Spookie嚗aletAE 蝑極?瑞恣?擃漲??
booth-2308068	PathRev ?芸?頧?Shape Path ?孵?嚗??賡?蝒?銝??Mask Path
booth-2462894	NumPy ?貊?嚗?撌亙
booth-2498559	AEP 璅⊥嚗?摮?璅⊥嚗皜豢?嚗?撅祆芋?輸?
booth-2514620	HUD Dome 蝑摰寞 AEP ?飛撠?瑼??蝡?AE 撌亙
booth-2525963	?? HUD Panel ?臬??????瑁? AE 撌亙
booth-2539342	?貊?嚗? AE 撌亙
booth-2581216	ChromaticAberrationYY 摰??蝷箏?甇Ｘ?湛?銝遣霅唳?典隞???booth-6661270	FlipKun 摰?????嚗?D Layer only 鞈?嚗??賣?餈唬?頞喃誑撱箇??舀?撠???booth-6828150	4-Color Gradient Randomizer 摰?撩銋雲憭??質???隤芣?
booth-2587325	subMarker ?臭誑 AEP ?”??蝯???撟??穿?撅祆撠?蝝????函? AE 撌亙
booth-2600427	??暺???嚗?2_Transition Ideas 100嚗?撅祆???
booth-2607368	敶梁?蝝?嚗ight leak / film burn footage嚗?嚗?撌亙
booth-2630602	p5.js ??嚗? AE host
booth-2667904	????單? AEP ??璅⊥蝝?銝
booth-2700614	Search Box Motion Graphics ??AEP ???耦蝭嚗??函? AE 撌亙
booth-2726412	瞍怎撠店獢 PNG嚗I ??蝝?嚗??函? AE 撌亙
booth-2734450	AEP 璅???蝷箇?撠???AE2020嚗?撅祆???蝝?憿?booth-2027192	蝝?閮剖?嚗耦?頧?身 45 蝔殷?嚗惇?身/蝝?憿?booth-4630292	AEP 璅⊥撠?嚗election.aep嚗?撅祆芋?輸?
booth-2751954	Anchor Move ?芾???Anchor Point 蝘餃?嚗? APRM ??暺極?琿???booth-2160986	StrokeWidth ?芣甈∩耨??Shape Layer ??撖砍漲嚗??Ｘ? ShapeDrive 蝑極?琿???booth-5331021	?惜?瑕漲隤踵?單???StepSizer嚗ompExtendor嚗utoDuration 撌亙??
booth-2755162	Pathp ?芾矽?渲楝敺?園????＊蝷箏偕撖賂????
booth-2793965	Glitch text ??AEP 撠?瑼??蝡????單
booth-2899026	???極?琿?????嚗銝??booth-3884551	OBS嚗??Ｘ??剁???AE ?辣
booth-2905569	?1?研????嗾雿郎?Ｕ?瑯?單靘?摮貊?蝛嗡蝙?函? AEP 撠?嚗??函? AE 撌亙
booth-2906415	Film Noise ?誑?單撱箇??餃蔣????嚗??質牧??蝭???
booth-2907422	?? Logo ???After Effects 撠?瑼??蝡?AE 撌亙
booth-2924352	3DIK 摰????蝷箄 2022 撟渲絲?迫?舀嚗???曇?撌亙
booth-2998618	AEP 撠?瑼????鞊～?嚗惇璅⊥憿?booth-3147870	AEP 撠?瑼??ipeatilca??嚗惇璅⊥憿?booth-4556945	??蝝?嚗?押?貊? 20 蝔柴??剔???嚗?撌亙
booth-3008725	VRChat ?具??潘???AE host
booth-3024741	VRM ?具?踴?Ｕ??踴嚗? AE host
booth-3034748	20200612_Re:New ?臭?摮貊?雿輻??AEP嚗AV 撠?嚗??函? AE 撌亙
booth-3045761	AEP 撠?瑼?璅⊥銝
booth-3064063	????臭??飛雿輻??AEP 撠?瑼??蝡?AE 撌亙
booth-3103536	?貊?嚗? AE 撌亙
booth-3107286	Simple Transition 30 蝔格 Motion Graphics 璅⊥嚗??函? AE 撌亙
booth-3139629	Commander of Battlefront ?舫??莎?VRChat 璅∪?蝝?嚗? After Effects host
booth-3144975	PyOpenGL ?貊?嚗?撌亙
booth-3147121	??暺???嚗?4_Texture_Ideas_100嚗?撅祆???
booth-3182409	AEP 璅⊥嚗?2?EP??扎??潦??嗚?喉?
booth-3182425	AEP 璅⊥嚗?4?EP??潦????啜??嗚?喉?
booth-3182451	Blender ?具?～??嚗? AE host
booth-3193101	Simple Door Transition ?舀????湔芋?選??蝡?AE 撌亙
booth-3193862	?芸?餈賢??????寞 Premiere Pro ???耦璅⊥嚗??函? AE 撌亙
booth-3201186	VJ 敶梁?蝝?嚗?撌亙
booth-3222793	APEX Banner Overlay ??AEP 瑼?嚗??函? AE 撌亙
booth-3253383	Valorant ?縑摮???AEP 瑼?嚗??函? AE 撌亙
booth-3270291	AEP 璅⊥嚗?5?EP??啜?喋??潦??嫘??嗚?喉?
booth-3274834	VJ 敶梁?蝝?嚗?撌亙
booth-3287850	Pastel Color Transition ?舀????渡????蝡?AE 撌亙
booth-3342579	AEP 璅⊥嚗?7?EP?Tuber_?押??靽⊥??葉嚗?booth-3961491	AEP 璅⊥嚗?9?EP???押?詻?扼?Ｕ??～?瑯?喉?
booth-3434945	?嫘??箝? telop ?? .mogrt嚗?aep 璅⊥嚗惇蝝????函?撌亙
booth-3444332	UdonTycoon? Book ??VRChat worlds ??UdonSharp ?單嚗? After Effects host
booth-3462223	甇血撘瑕??柴??Ｕ?? AEP 撠?瑼??蝡?AE 撌亙
booth-3490915	Happy New Year ?臬蔣?????蝡?AE 撌亙
booth-3490921	Merry Xmas ?臬蔣?????蝡?AE 撌亙
booth-3495880	Motete! ??AEP 撠?瑼??蝡?AE 撌亙
booth-3504459	蝝??氬??喋??柴??Ｕ??⊥???蝝?嚗??函? AE 撌亙
booth-3508797	?芥????臬蔣???舐????蝡?AE 撌亙
booth-3528564	?嫘??Ｕ??潦??扎?准??AEP 撠?瑼??蝡?AE 撌亙
booth-3528573	?～?潦?芥?2021??扎??AEP 撠?瑼??蝡?AE 撌亙
booth-3528718	?? AEP嚗nity pack ?臬?獢? Unity 蝝????蝡?AE 撌亙
booth-3584436	Space ??AEP 撠?瑼??蝡?AE 撌亙
booth-3584458	2021 ??AEP 撠?瑼??蝡?AE 撌亙
booth-3584483	Signal ??AEP 撠?瑼??蝡?AE 撌亙
booth-3657547	AviUtl 撠?嚗? AE 撌亙
booth-3664815	Distu ??Motion Graphics AEP 撠?瑼??蝡?AE 撌亙
booth-3678665	Gelas ??Motion Graphics AEP 撠?瑼??蝡?AE 撌亙
booth-3699584	??閮剛?蝝?嚗? AE 撌亙
booth-3746869	Deriv ??Motion Graphics AEP 撠?瑼??蝡?AE 撌亙
booth-3753261	AEP 璅⊥嚗?6?EP??脯??扎嚗?booth-3575528	AEP 璅⊥嚗?3?EP???嫘??潦?扼_01嚗?booth-3686705	AEP 璅⊥嚗?5?EP??潦????扎嚗?booth-6773620	AEP 撠?瑼??弦?杗EP hama REEL 2025 OP嚗?撅祆???璅⊥憿?booth-1847370	Element 3D ?飛?賂?頞??研??嚗?撅祆???
booth-3757958	曈亙???Element 3D ??OBJ 璅∪?蝝?嚗??函? AE 撌亙
booth-3765010	??閮剛?蝝?嚗? AE 撌亙
booth-3772562	Doodle ??Motion Graphics AEP 撠?瑼??蝡?AE 撌亙
booth-3782936	獢?芣 2 ??20 蝘蔣?????蝡?AE 撌亙
booth-3813207	AEP 璅⊥嚗?7?EP???研?喋????胯?駁??扎嚗?booth-3182421	AEP 璅⊥嚗?3?EP??潦???潦???扎嚗?booth-3429061	AEP 璅⊥嚗?9?EP???准???研?????嗚?喉?
booth-3821376	镼 Element 3D ??OBJ 璅∪?蝝?嚗??函? AE 撌亙
booth-3826420	AEP 撠?瑼?璅⊥銝
booth-3856956	3000F MotionGraphics ?臬?獢?蝷綽?AEP 蝝?嚗??函? AE 撌亙
booth-3858938	?具?押?乓?瑯?喋??????AEP 撠?瑼??蝡?AE 撌亙
booth-3879938	coori ??Motion Graphics AEP 撠?瑼??蝡?AE 撌亙
booth-3892663	?????Ｕ??嗚?單 AEP 撠?瑼??蝡?AE 撌亙
booth-3909800	VJ 敶梁?蝝?嚗?撌亙
booth-3925326	?賣?敶梁? OP ??AEP 璅⊥蝝?嚗??函? AE 撌亙
booth-3925341	?Ｕ??臬蔣??OP ??AEP 璅⊥蝝?嚗??函? AE 撌亙
booth-3925449	?氬??臬蔣??OP ??AEP 璅⊥蝝?嚗??函? AE 撌亙
booth-3925459	?押??臬蔣??OP ??AEP 璅⊥蝝?嚗??函? AE 撌亙
booth-3925464	?Ｕ?寥◢?臬蔣??OP ??AEP 璅⊥蝝?嚗??函? AE 撌亙
booth-3925469	?芥?喋?臬蔣??OP ??AEP 璅⊥蝝?嚗??函? AE 撌亙
booth-3925477	?萸??臬蔣??OP ??AEP 璅⊥蝝?嚗??函? AE 撌亙
booth-3925484	??單敶梁? OP ??AEP 璅⊥蝝?嚗??函? AE 撌亙
booth-3925497	??敶梁? OP ??AEP 璅⊥蝝?嚗??函? AE 撌亙
booth-3925502	??舀敶梁? OP ??AEP 璅⊥蝝?嚗??函? AE 撌亙
booth-3925507	??敶梁? OP ??AEP 璅⊥蝝?嚗??函? AE 撌亙
booth-3927941	????臬蔣??OP ??AEP 璅⊥蝝?嚗??函? AE 撌亙
booth-3930154	??單敶梁? OP ??AEP 璅⊥蝝?嚗??函? AE 撌亙
booth-3944632	Time Change ???AutoDuration嚗ompExtendor 蝑??偕隤踵撌亙擃漲??
booth-3947661	??研?押? AEP 撠?瑼??蝡?AE 撌亙
booth-3969087	??閮剛?蝝?嚗? AE 撌亙
booth-3983444	NekoAllergy ?撠?瑼撌脣??蔣?? AEP ??嚗??函? AE 撌亙
booth-3984198	蝡?璅??臬蔣???耦蝝?嚗??臬?鋆?AE 撌亙
booth-3984260	Square Lower Third ?臬葆???After Effects 瑼?嚗芋?選??蝡?AE 撌亙
booth-399433	?貊?嚗? AE 撌亙
booth-4004405	蝪⊥?摮??舀?摮芋?輻????????單撌亙
booth-4013377	??雓漣?貊?嚗fter Effects 雓漣 PDF嚗??極??booth-4453260	??雓漣?貊?嚗?～?胯?荔?嚗?撌亙
booth-4042840	??????AEP ???耦撠?瑼??蝡?AE 撌亙
booth-4060011	VRoid 擃桅ˇ蝝?嚗? After Effects host
booth-4061553	AEP 璅⊥嚗?0?EP??潦??踴??駁?Ｕ??～?瑯?喉?
booth-4112016	AE ???身??MV-Effects嚗?蝝?閮剖?銝
booth-4154310	Premiere嚗E 璅⊥嚗ogrt嚗ep嚗?璅⊥蝝?銝
booth-4154787	蝝?閮剖?嚗?1 蝔株??湧?閮哨?嚗惇?身/蝝?憿?銝
booth-4157073	p5.js ??嚗? AE host
booth-4181501	?脤?蝑?Sketch Shader 摰??蝷箏歇?迫?舀嚗???Unity嚗??? shader
booth-4193491	Sunburst ?臬銝 AE preset嚗????蝭???
booth-4217084	VJ 敶梁?蝝?嚗?撌亙
booth-4221710	VRoid ?ˇ嚗蜇摮?????After Effects 撌亙
booth-4226255	瘙 BG ????嚗hotoshop 蝝?嚗??函? AE 撌亙
booth-4239225	VRoid avatar ??蝝?嚗? After Effects 撌亙
booth-4308428	Unity package嚗? After Effects host
booth-4310567	?貊?嚗? AE 撌亙
booth-4334040	??暺???嚗?5_UI_Effect_Ideas_100嚗?撅祆???
booth-4347412	Interactable snowball ??VRChat嚗nity avatar 鈭?蝝?嚗? After Effects host
booth-4357368	蝝?閮剜?嚗ameraShake.ffx嚗?撅祇?閮?璅⊥憿?wish 516 ?舐?敺?撖抬?
booth-4363436	X Y Scale ??After Effects ??.ffx ???身嚗??函? AE 撌亙
booth-4363891	Marker Counter ??After Effects ??.ffx ???身嚗??函? AE 撌亙
booth-4375615	BeatSync ?臬銝 BPM .ffx ?身嚗??賡?蝒?撅祇?閮剔???booth-4358029	Boing Boing ?臬銝隡貊葬 .ffx ?身嚗??賡?蝒?撅祇?閮剔???booth-6723285	Grain嚗article ??MV 敶梁?蝝?????After Effects 撌亙
booth-4398471	Premiere Pro 璅⊥??閮哨???AE 撌亙
booth-4403684	摰?撖阡??隤芣?嚗??E?具?胯???扼???嚗瘜Ⅱ隤???booth-8347254	Premiere Pro 撠???券?選???AE 撌亙
booth-4426163	AEP 璅⊥嚗mas ?祥蝳桃??研?喋?潦???嚗惇璅⊥憿?booth-5251423	MOGRT/AEP 璅⊥嚗??芥????嚗?撅祆芋?輸?
booth-4442511	ELEMENT3D ????Bevel ??Element 3D ?身???蝡?AE 撌亙
booth-4453887	Geometry MAP ??After Effects 雿?鞈?嚗??函? AE 撌亙
booth-4463594	Premiere Pro 璅⊥嚗? AE 撌亙
booth-4488597	Charaticle ??VRChat Modular Avatar ??蝎? prefab嚗? After Effects 撌亙
booth-4498128	?縑蝝?嚗?喋??怒??嚗?撌亙
booth-4509745	VJ 敶梁?蝝?嚗?撌亙
booth-4519156	VJ 敶梁?蝝?嚗?撌亙
booth-4523413	VRoid ??蝝?嚗? After Effects 撌亙
booth-4524833	AEP 撠?瑼?Collection嚗?080?1080 4 蝘?loop嚗?撅祆芋?輸?
booth-4582443	?嗡??芾摩頠?撠撌亙嚗? AE 撌亙
booth-4618517	蝪∪?蝮?? Layer Style ???身嚗??函? AE 撌亙
booth-4621707	Video tape ???臭誑 AE ?批遣??鋆賭???AEP asset嚗?憭????booth-4153329	?訾? glitch title ?? .mogrt嚗?aep 璅⊥嚗惇蝝????函?撌亙
booth-4638952	VRChat嚗nity嚗?D 璅∪???隞塚???AE 撌亙
booth-4672884	??桐???蝒?撌亙?單嚗銝??booth-4680210	BGM嚗??蝝?嚗? AE 撌亙
booth-4711648	Reaper ?函???嚗? AE 撌亙
booth-4770258	?寞?銴ˊ??鋆賢???撅文??嗅摰對????True Comp Duplicator嚗?鋆賢極?琿???booth-4717708	BG Color Changer ?芸儐?啣??????航嚗??賡?蝒?booth-4137695	Shy Group ???Shy Folder嚗rupico 蝑??遘??撌亙擃漲??
booth-4781954	Old TV Style ??AEP asset 撠?瑼??蝡????單
booth-4815780	???極?琿?????嚗銝??booth-4815812	?嚗隞?擃極?瑟?撖阡?蝖祇?嚗? AE 撌亙
booth-4823813	???極?琿?????嚗銝??booth-4823866	???極?琿?????嚗銝??booth-4889598	OBS嚗??Ｘ??剁???AE ?辣
booth-4839795	Japanese traditional fashion ??VRChat嚗vatar 蝝?嚗? After Effects 撌亙
booth-4852548	??????冽?桃?????身嚗??園?蝝?閮剜?
booth-4870460	Remove Text Animator ?芷???AE ?批遣?宏?斗???摮??怠?隞歹??⊿??行??booth-4151107	?芣?? After Effects ?望???蝛箇??瑼???AE 撌亙
booth-4872778	After Effects ?? preset ??撅祇?閮剔????函?撌亙
booth-4872788	?整??柴??芥?????胯?舀?摮?閮剝?嚗??函? AE 撌亙
booth-4882973	VRChat嚗nity ?賊?嚗? AE 撌亙
booth-4896660	???極?琿?????嚗銝??booth-4967878	???極?琿?????嚗銝??booth-5053741	VRChat嚗nity嚗?D 璅∪???隞塚???AE 撌亙
booth-4924763	Long Shadow ??AE ?身???蝡?AE 撌亙
booth-4925911	Shape Particle Effect ??AE ?身???蝡?AE 撌亙
booth-4931311	????身???胯??整???嚗?蝝?閮剖?銝
booth-4941882	MV ???身???胯??整???嚗?蝝?閮剖?銝
booth-4950212	Cell Look Effect ??AE ???身嚗??函? AE 撌亙
booth-4951806	Runa嚗una ??VRChat avatar ??嚗? After Effects host
booth-4966174	????身???胯??整???嚗?蝝?閮剖?銝
booth-4968880	Light Leak嚗ilm Burn ??AE ???身嚗??函? AE 撌亙
booth-4979965	VRoid avatar ??嚗??脩?????After Effects 撌亙
booth-4984623	????身???胯??整???嚗?蝝?閮剖?銝
booth-4993626	Japanese traditional footwear ??VRChat avatar ?悼??Unitypackage 蝝?
booth-5020999	????身???胯??整???嚗?蝝?閮剖?銝
booth-5048416	MG 蝝??身???胯??整???嚗?蝝?閮剖?銝
booth-5053097	????身???胯??整???嚗?蝝?閮剖?銝
booth-5057924	Premiere Pro 璅??????AE 撌亙
booth-5067477	Japanese traditional footwear ??VRChat avatar ?悼??Unitypackage 蝝?
booth-5074474	MV嚗yric Transition 8 Set ??AE ?身???蝡?AE 撌亙
booth-5078689	AEP 撠?瑼?3D 蝛粹?????押? camera through嚗?撅祆芋?輸?
booth-5091121	??4584992 ????亥?鋆?booth-4907971	??4584992 ?撟曆??詨?嚗????橘?
booth-5102074	?? GIF 蝝?嚗? AE 撌亙
booth-5137439	敶梁?嚗??湛?璅⊥蝝?嚗? AE 撌亙
booth-5146069	vol10 ??Photoshop ?惜璅??蝝?嚗??函? AE 撌亙
booth-5153323	Premiere Pro 璅⊥??閮哨???AE 撌亙
booth-5158788	蝝?.ffx ?身瑼?鞈?摨怎?桐??身瑼?靘?booth-5144019	蝝?.ffx ?身瑼?鞈?摨怎?桐??身瑼?靘?booth-4383384	蝝?.ffx ?身瑼?鞈?摨怎?桐??身瑼?靘?booth-6811515	蝝?.ffx ?身瑼?鞈?摨怎?桐??身瑼?靘?booth-6169614	???歇瘙箇?銋?Japanese_manuscript_paper ??
booth-5163222	????身???胯??整???嚗?蝝?閮剖?銝
booth-5166187	VRM 3D 璅∪?蝝?嚗? AE 撌亙
booth-5170713	MV嚗yric Text Animation 65 Pack ??AE ?身???蝡?AE 撌亙
booth-5181117	?嗡??芾摩頠?撠撌亙嚗? AE 撌亙
booth-5190641	Text Animation 6 Pack ??AE ???身???蝡?AE 撌亙
booth-5196178	NIGHTMARE ??VRChat avatar嚗?鋆?????After Effects 撌亙
booth-5199818	?嗡??芾摩頠?撠撌亙嚗? AE 撌亙
booth-5206204	MOGRT/AEP 璅⊥嚗??踴??押????扎??恬?嚗惇璅⊥憿?booth-6221042	蝝?閮剜?嚗quircle 閫虜??敶Ｕ??芥??嚗?撅祇?閮?璅⊥憿?booth-6211363	蝝?閮剜?嚗?潦??潭????芥??嚗?撅祇?閮?璅⊥憿?booth-4363363	蝝?閮剜?嚗?扎?澆?頠?ffx嚗??批遣 Transform ?喳??
booth-5239822	BGM嚗??蝝?嚗? AE 撌亙
booth-5240835	Unity ??shader嚗? AE 撌亙
booth-5251785	Comp Checker ?遣蝡??賬??貉?蝬脫瑼Ｘ撠惜嚗惇???銝頛??
booth-5253664	???極?琿?????嚗銝??booth-5363477	???極?琿?????嚗銝??booth-5371051	???極?琿?????嚗銝??booth-5448126	敶梁?嚗??湛?璅⊥蝝?嚗? AE 撌亙
booth-5268352	MOGRT/AEP 璅⊥嚗????准???1嚗?撅祆芋?輸?
booth-5292154	MOGRT/AEP 璅⊥嚗????准???2嚗?撅祆芋?輸?
booth-5335595	?賬??具???VRChat嚗?D avatar 璅∪?嚗? After Effects 撌亙
booth-5339082	瘞港葉??蝝?嚗?撌亙
booth-5347307	?璈????Ｘ AEP 鞈瑼??蝡?AE 撌亙
booth-5354575	RealKissSystem ??VRChat嚗vatar 鈭?蝟餌絞嚗? After Effects host
booth-5425475	??暺???嚗??箝?扎??ａ? 6 暺?瞼20,000嚗?撅祆???
booth-5432205	蝝???100 蝔格毽????mega pack嚗??極??booth-6093256	AEP 撠?瑼?MotionDesign_08嚗犖摮貊??券?摰?嚗惇??/璅⊥憿?booth-4685508	AEP 撠?瑼?color film grain嚗?撅祆芋?輸?
booth-5446198	SwiftUI ??嚗?撌亙
booth-5480618	Premiere Pro 璅⊥嚗ogrt嚗???AE 撌亙
booth-5510500	???圾?歹??惜頧宏嚗??極?瘀??歇?園???Un-PreCompose?rue Comp Duplicator 蝑???booth-8016864	撠??芸??渡???撌亙嚗?撌脫?? OrganizerPro ??嚗?摰????琿??隤芣?
booth-5526488	敶梁?嚗??湛?璅⊥蝝?嚗? AE 撌亙
booth-5533711	敶梁?嚗??湛?璅⊥蝝?嚗? AE 撌亙
booth-5553388	VRChat嚗nity嚗?D 璅∪???隞塚???AE 撌亙
booth-5558607	??SF憸典??餌??憭?AEP嚗??怎???嚗??函? AE 撌亙
booth-5560844	敶梁?嚗??湛?璅⊥蝝?嚗? AE 撌亙
booth-5567194	2024 ??After Effects AEP 雿?瑼??蝡?AE 撌亙
booth-5575875	quastal ?臭蝙??Motion Tools Pro ??After Effects AEP 雿?瑼??蝡?AE 撌亙
booth-5590883	AE 頧?身??135 蝔殷?蝝?閮剖?銝
booth-5607576	???極?琿?????嚗銝??booth-5658228	敶梁?嚗??湛?璅⊥蝝?嚗? AE 撌亙
booth-5610218	Herles ??After Effects AEP 雿?瑼??蝡?AE 撌亙
booth-5639699	Motion Graphics 蝧? #3 ?舫??嗥?蝛塚?蝺渡??券? AEP 撠?瑼??摰?撌亙
booth-5651888	?祥撠?穿?????摮??怠極?琿???booth-6383495	?蝪∪?銝?撠極??booth-6476462	Mac ????雿餈啣??貉??箇撣?booth-6452319	?????踴???7853360嚗???雿餈啁?日?賢?
booth-5659590	VRChat嚗nity ?賊?嚗? AE 撌亙
booth-5671712	VRChat ?剁?VRCPrismStudio嚗???AE host
booth-5679558	Marker Tools ??鋆賬?蝘颯楊頛航??芷璅??賢?撌脩 Marker Maestro Pro?arker Batch Editor?opy Paste Markers 2 蝑極?瑟項??booth-7948212	DropFrameEXP v2 ????銝?嚗???璅????撌脩 Smart Posterizer?osterize Time ??StepTime 蝑?極?瑟項??payhip-sh7ci	TIDY LAYERS 雿輻?批撅扎omment ??Shy 撱箇??撮鞈?憭橘??歇?園???Shy Folder 撟曆??詨?
booth-5712064	MMD ?具?潦?扼蝝?嚗? AE host
booth-5743361	APNG 蝝?嚗? AE 撌亙
booth-5743926	Parent Link ?芸???啣?撅斤摮?靽????銝??Ｘ? parent 撌亙??
booth-5743928	Tic-tac-toe ?舫??莎??拍??單嚗??臬祕?函? After Effects ?撌亙
booth-5745402	Premiere Pro 璅⊥嚗ogrt嚗???AE 撌亙
booth-5754293	???極?琿?????嚗銝??booth-5892231	???極?琿?????嚗銝??booth-5912007	敶梁?嚗??湛?璅⊥蝝?嚗? AE 撌亙
booth-5759151	Premiere Pro ??FrameDetector ?游?嚗? AE host
booth-5787261	?瑯??芸????MOV 敶梁?蝝?嚗??函? AE 撌亙
booth-5821753	Blender ?典?????AE 撌亙
booth-5822507	VHS-like effect ??Essential Graphics ???耦璅⊥嚗??函? AE 撌亙
booth-5862740	????身???胯??整???嚗?蝝?閮剖?銝
booth-5864565	ProgramableRouteMap ?臬蔣???? AEP 撠?鞈嚗??函? AE 撌亙
booth-5894543	????身??蝝?閮剖?銝
booth-5915945	?押??具??詻?????? AEP 撠?瑼??蝡?AE 撌亙
booth-5916423	????身???胯??整???嚗?蝝?閮剖?銝
booth-5922126	Utilibits ?臬?? AE ?單憟辣嚗?銝??游??嗅銝撌亙?園??????booth-5630147	hs_Camera Rig 摰???蝺牧??蝻箔?頞喳???摰寞抒敦蝭
booth-5930535	???極?琿?????嚗銝??booth-5935567	???極?琿?????嚗銝??booth-5959422	VRChat嚗nity嚗?D 璅∪???隞塚???AE 撌亙
booth-5955870	????身???胯??整???嚗?蝝?閮剖?銝
booth-5959720	AEP 璅⊥撠?嚗ancyLife.aep嚗?booth-4393647	AEP 璅⊥撠?嚗attern.aep嚗?booth-4962861	AEP 璅⊥撠?嚗avelets.aep嚗?booth-6733954	AEP 璅⊥撠?嚗reezy White Present.aep嚗?booth-7547645	AEP 璅⊥撠?嚗cent of Coffee.aep嚗?booth-5255390	AEP 璅⊥撠?嚗oodland.aep嚗?booth-7550035	AEP 撠?瑼??芥?MV憸剁?嚗惇璅⊥憿?booth-2606956	??暺???嚗?1_Motion Ideas 100嚗?撅祆???
booth-5977130	???極?琿?????嚗銝??booth-6005565	?嗡??芾摩頠?撠撌亙嚗? AE 撌亙
booth-5981412	蝪∪ BPM Counter ??After Effects ?身嚗??函? AE 撌亙
booth-5992649	MG 蝝??身???胯??整???嚗?蝝?閮剖?銝
booth-6023035	???極?琿?????嚗銝??booth-6034581	???極?琿?????嚗銝??booth-6035255	??桐???蝒?撌亙?單嚗銝??booth-6050529	???極?琿?????嚗銝??booth-6115166	Photoshop嚗llustrator 撠撌亙??PSD 蝝?嚗? AE 撌亙
booth-6048639	????身???胯??整???嚗?蝝?閮剖?銝
booth-6048745	?Ｕ?瑯?喟???DanceMotion嚗??極??booth-6929956	Warudo ?具??押?扎嚗? AE host
booth-6071218	????身???胯??整???嚗?蝝?閮剖?銝
booth-6111446	Premiere Pro ?身嚗rfpset嚗???AE 撌亙
booth-6111470	Premiere Pro ?身嚗rfpset嚗???AE 撌亙
booth-6111494	Premiere Pro ?身嚗rfpset嚗???AE 撌亙
booth-6115106	3D Cube ?臭??弦雿輻??AEP 撠?瑼??蝡?AE 撌亙
booth-6120729	darenoki effects vol.1 ??GIF嚗NG嚗OV嚗EP 蝝????蝡極??booth-1975979	瘞氬?澆??AEP 撠?嚗??箇????蝡?AE 撌亙
booth-6143090	RITO PACK ?臬???Illustrator 蝝?????After Effects 撌亙
booth-6154618	?寞活??賢??惜嚗??Ｘ? Renamus嚗E Global Renamer 蝑極?琿?摨阡???booth-6124075	?????澆? AEP嚗惇?弦嚗???獢???撌亙
booth-6156483	?嗡??芾摩頠?撠撌亙嚗? AE 撌亙
booth-6157425	?嗡??芾摩頠?撠撌亙嚗? AE 撌亙
booth-6158908	?嗡??芾摩頠?撠撌亙嚗? AE 撌亙
booth-6162864	AEP 撠?瑼?Sphere and Cube嚗?蝛嗥??摰?銝蝳迫嚗?撅祆???璅⊥憿?booth-7726530	蝝?閮剜?嚗????◢?押?????颯???嚗惇?身/璅⊥憿?booth-3182394	AEP 璅⊥嚗?1?EP??憸具??嗚?喉?
booth-6169799	????身???胯??整???嚗?蝝?閮剖?銝
booth-6185708	UnPrecomposer ???Un-PreCompose嚗e-Comp ?擃漲??
booth-6187030	Motion Graphics 蝧? #5 ?舐?蝛塚?蝺渡???AEP 雿?瑼??蝡?AE 撌亙
booth-6192173	????身???胯??整???嚗?蝝?閮剖?銝
booth-6229353	Motion Graphics 蝧? #6 ?舐?蝛塚?蝺渡???AEP 雿?瑼??蝡?AE 撌亙
booth-6250586	Neovim ?剁?????扎?潘?嚗? AE host
booth-6280086	After Effects ?祥撟餌??芋?選?撅?AEP 璅⊥??撌亙
booth-6287072	FX Console ?交隤身摰?Ｘ? FX Console ?身摰?嚗??函? AE 撌亙
booth-6295008	Premiere Pro嚗fter Effects 瘛瑕?摮?璅⊥嚗惇蝝????函?撌亙
booth-6304970	??蝚佗?嚗?嚗憭扼??矽?湔?????身嚗??函? AE 撌亙
booth-6311894	FrameToNullComment ?芣??惜韏瑕?敶望撖怠 Null marker嚗??賡?蝒?booth-7888632	?葉蝺?摮??急 AE ??憌?嚗?摮詨???銝?函?撌亙
booth-6314815	敶梁?嚗??湛?璅⊥蝝?嚗? AE 撌亙
booth-6329518	??桐???蝒?撌亙?單嚗銝??booth-6338775	敶梁?嚗??湛?璅⊥蝝?嚗? AE 撌亙
booth-6354871	???極?琿?????嚗銝??booth-6570661	敶梁?嚗??湛?璅⊥蝝?嚗? AE 撌亙
booth-6366670	Esska Desktop Puppeteer ?舀??ｇ?VRChat ?蝔?嚗???After Effects 憭????booth-5844050	Tome Of Elements for VRChat ??VRChat avatar 蝎???蝝?嚗? After Effects host
booth-6379119	Pre嚗? ??After Effects AEP 雿?瑼??蝡?AE 撌亙
booth-6424722	Photoshop ?具?胯??嚗? AE host
booth-6428454	Live2D ??蟡剖?蝯 Live2D嚗vatar 蝝?嚗? After Effects 撌亙
booth-6433047	MuteAudio ?芸??詨??惜???唾?嚗??賡?蝒?booth-6458491	AutoRename ?芾?鋆賢??蒂靘摮?????
booth-6459397	??雓漣?貊?嚗fter Effects 雓漣嚗??極??booth-940071	OBS ?剁?VDRAW嚗???AE host
booth-6485129	撘整???扼? Shape ?蝝?嚗??函? AE 撌亙
booth-6496110	call out ??喋??舀???Call Out ?蝝?嚗??函? AE 撌亙
booth-6508136	?蝪∪???撌亙
booth-6511234	?憛?閮?閮剖?嚗??身????booth-8542958	????身??ffx嚗?蝝?閮剖?銝
booth-6523746	???身??ffx嚗?蝝?閮剖?銝
booth-6542650	?蝪∪?葬?暸敶望撠極??booth-6730882	??autoParallax 2嚗umuloworks嚗??賡???雿???booth-6754298	darisana ?箸撠??嚗??Ｘ? AlignLab 蝑???booth-6733615	darisana ?箸撠??嚗??Ｘ? AlignLab 蝑???booth-6919789	darisana ?箸?冽??蔭嚗??Ｘ?撌亙??
booth-6547926	Motion Graphics 蝧? #10 ?舐?蝛塚?蝺渡???AEP 雿?瑼??蝡?AE 撌亙
booth-6570418	???身??ffx嚗?蝝?閮剖?銝
booth-6574031	???極?琿?????嚗銝??booth-6598360	???極?琿?????嚗銝??booth-6645153	敶梁?嚗??湛?璅⊥蝝?嚗? AE 撌亙
booth-6582962	Get Older 20 ??AEP嚗P4 雿?瑼??蝡?AE 撌亙
booth-6587731	Resonator Tattoo ??VRChat avatar 蝝澈嚗?鞈芰?????After Effects 撌亙
booth-6590281	Element3D 閮剖?摰???AEP ?臬?獢??身鞈?嚗??函? AE 撌亙
booth-6601780	Halftone Preset ?航矽?游?撅日?閮哨??蝡?AE 撌亙
booth-6624130	蝝?閮剖?嚗??撥??閮?30 蝔殷?嚗惇?身/蝝?憿?booth-4334427	??暺???嚗E_瞍?Ｕ???瞼14,000嚗?撅祆???
booth-6649634	?函? AI 敶勗?撌亙嚗? AE 撌亙
booth-6652211	敶梁?嚗??湛?璅⊥蝝?嚗? AE 撌亙
booth-6657291	AEP 撠?瑼??Ｕ??⊿◢?桅◢?餌?嚗?撅祆芋?輸?
booth-6658045	?Ｕ??⊿◢?賡???郭 AEP嚗惇?弦嚗???獢???撌亙
booth-6660181	Premiere Pro ?身嚗? AE 撌亙
booth-6670225	AEP 撠?瑼??Ｕ??⊿◢?桃??箝?◢嚗?撅祆芋?輸?
booth-6682312	SubtleEase 摰???璆萄??鞈?銝?蝣箄酉閮??隤歹??思??園??芸??撖衣??單
booth-6684017	AE ???身??MV-Effects嚗?蝝?閮剖?銝
booth-6687897	????身???胯??整???嚗?蝝?閮剖?銝
booth-6697444	WatermarkGen 摰?撩銋雲憭??質????膩嚗瘜遣蝡????booth-7727304	InOutPointAdjuster 摰?撩銋雲憭??質????膩嚗瘜遣蝡????booth-6647536	Crop Tool 摰??璅內 2D Layer嚗??質??詨捆?扯牧??頞?booth-7010425	3dsmax 皜脫?頛詨?單嚗? After Effects host
booth-6703722	Maru ?舐?蝛塚?蝺渡???After Effects 雿?瑼??蝡?AE 撌亙
booth-6710849	Natural Skin ??VRChat avatar ?株?蝝?蝝?嚗? After Effects 撌亙
booth-6714779	?犖隤??餃??詨?????After Effects 撌亙
booth-6716191	omiec ??After Effects AEP 雿?瑼??蝡?AE 撌亙
booth-6716443	Aoo ??After Effects AEP 雿?瑼??蝡?AE 撌亙
booth-6716615	THX FOR 1000 FOLLWOS ??After Effects AEP 雿?瑼??蝡?AE 撌亙
booth-6724131	BGM嚗??蝝?嚗? AE 撌亙
booth-6733757	???極?琿?????嚗銝??booth-6735261	???極?琿?????嚗銝??booth-6789538	???極?琿?????嚗銝??booth-6813457	??桐???蝒?撌亙?單嚗銝??booth-6859773	?嗡??芾摩頠?撠撌亙嚗? AE 撌亙
booth-6734056	darisana ?箸撠??嚗??Ｘ? AlignLab 蝑???booth-3027685	?扎?嫘?憸沈DRI 蝝????荔??極??booth-5771742	??CSV Text Source Manager嚗??typewriter 撌亙??
booth-6740782	AEP 璅⊥撠?嚗ewel aep嚗?booth-5067447	AEP 撠?瑼?????嚗惇璅⊥憿?booth-5067875	AEP 撠?瑼??賬??潘?嚗惇璅⊥憿?booth-6657833	AEP 撠?瑼??Ｕ??⊿◢?具??怒?潛嚗?撅祆芋?輸?
booth-6745999	???潦????????～?怒??AEP 璅⊥嚗??函? AE 撌亙
booth-6754370	darisana ?箸撠箏站蝯曹?嚗??Ｘ?撌亙??
booth-6759404	BaraMoji ???撘??惜???DecomposeText?ext Split and Animate ??摮?閫???摨阡?銴?booth-8555624	RZNC Geometry Generator 隞亙摰?瘜???嗾雿?摨扯? Cyber ?身蝯??? Shape嚗? Circle Rig Pro?ooping Lines 蝑嗾雿????銴?憸冽蝭???
booth-6773308	MG 蝝??身???胯??整???嚗?蝝?閮剖?銝
booth-6775944	ColorPalette ?矽?脩?身?”??????撌脩 Ray Dynamic Color 2?olorFlow?igment ??Coco Color CoWorker 蝑?極?瑟項??booth-6749475	TSK_Input Expression ??靘楊?惜?寞活憟??方?靽?銵券?撘????Expression Kit 蝑”??蝞∠?撌亙??銝???蝒?booth-8033875	moti ??拍?蝣唳?撌亙嚗??迂???Ｘ? aescripts MoTi ?單?Ｙ????１???粹??撠??垢霅瘛瑟?嚗銝撱箏?????
booth-6781004	Organizer 摰???鞎祈??蝻箏?頞喳???膩?舀撖衣??booth-4522765	Grid ??After Effects ??.ffx ???身嚗??函? AE 撌亙
booth-6790555	?仿?貉?臬???????After Effects 撌亙
booth-6804395	?啜???研?Ｕ????BOOTH ???????HTTP 404嚗?蝬脫???賢?鈭西? Layers2Grid?ridder 2 ??
booth-6826784	???隞?祉??箸葫閰血?鞈迎?Mac 銝摰對?
booth-6859891	?嗡??芾摩頠?撠撌亙嚗? AE 撌亙
booth-6859898	?嗡??芾摩頠?撠撌亙嚗? AE 撌亙
booth-6859907	?嗡??芾摩頠?撠撌亙嚗? AE 撌亙
booth-6859950	敶梁?嚗??湛?璅⊥蝝?嚗? AE 撌亙
booth-6872383	Slingshot ??VRChat avatar嚗??脩?????After Effects 撌亙
booth-6874485	AutoMove & AutoScale ??After Effects ?身嚗??函? AE 撌亙
booth-6878383	?豢?蝭憓??～?怒??AEP嚗FX 璅⊥嚗??函? AE 撌亙
booth-6880651	Water Animation style ?舐?蝛嗥 After Effects 撠?瑼??蝡?AE 撌亙
booth-6886326	AE noise transition ?航??渡???preset ???蝡極??booth-4028100	Retro title ?舀?憿芋?輻????蝡?AE 撌亙
booth-6890294	AEP 撟曆??蝝?嚗芋?輻?????booth-3164515	VJ 敶梁?蝝?嚗?撌亙
booth-6899909	敶梁?嚗??湛?璅⊥蝝?嚗? AE 撌亙
booth-6915525	?縑?駁蝝?嚗?艾???艾嚗??極??booth-5278966	LINE憸具?潦?扼蝝?嚗?撌亙
booth-6917649	蝪⊥?蝮?? .ffx ???身嚗??函? AE 撌亙
booth-6926580	VRChat嚗nity嚗?D 璅∪???隞塚???AE 撌亙
booth-6928051	敶梁?嚗??湛?璅⊥蝝?嚗? AE 撌亙
booth-6952928	?⊥?OK 憸冽?身嚗??身????booth-1961336	??身????扎?潮ㄞ憛?嚗??身????booth-3819079	??鋆ˇ嚗?雿?閮?171 蝔殷?蝝?閮剖?銝
booth-6953952	?鼓?蝝????極??booth-7694431	?鼓?蝝????極??booth-7507293	?鼓?蝝????極??booth-7845097	?鼓?蝝????極??booth-7726034	?鼓?蝝????極??booth-6733966	AE ?身嚗EP 蝝???Layr嚗?璅⊥蝝?銝
booth-6955410	Cell Splitter 摰?????鞎祈??瘝?頞喳??隤芣??舀撖衣??booth-5704794	Line Orientation 摰??????鞎祈??蝻箏??舀撖衣???膩
booth-6956424	蝮望帖???芸銵銝 Transform ??嚗??賡?蝒??批遣??舐?亙???booth-6913065	PowerPinTool ???批遣 Power Pin ???噶?拙?嚗??賜???蝒?booth-6670374	?Ｕ??⊥偌??瘜Ｕ??胯? AEP嚗惇?弦嚗???獢???撌亙
booth-6967971	darenoki effects ??MOV嚗EP 敶梁???蝝????蝡?AE 撌亙
booth-6974366	?嚗隞?擃極?瑟?撖阡?蝖祇?嚗? AE 撌亙
booth-6990247	Photoshop ?具?胯??嚗afe Area Shifter嚗???AE host
booth-6999400	FFmpeg ?寞活頧?嚗? AE 撌亙
booth-7004316	G45 Gen5 Pistol ??VRChat 3D 璅∪???Modular Avatar 蝝?
booth-7025105	???極?琿?????嚗銝??booth-7034381	???極?琿?????嚗銝??booth-7038517	敶梁?嚗??湛?璅⊥蝝?嚗? AE 撌亙
booth-7028052	Premiere Pro ?身嚗? AE 撌亙
booth-7061358	FFmpeg ?寞活頧?嚗? AE 撌亙
booth-7073929	?? GIF 蝝?嚗? AE 撌亙
booth-7074561	2 蝘?Motion Graphics #1?? ?舐?蝛塚?蝺渡???AEP 雿?瑼??蝡?AE 撌亙
booth-7078958	2 蝘?Motion Graphics #4?? ?舐?蝛塚?蝺渡???AEP 雿?瑼??蝡?AE 撌亙
booth-7099404	2 蝘?Motion Graphics #7?? ?舐?蝛塚?蝺渡???AEP 雿?瑼??蝡?AE 撌亙
booth-7100151	?研??剝◢?艾?喋??艾?潦?潭 AEP嚗FX 璅⊥嚗??函? AE 撌亙
booth-7100667	Deviate Pose Set ??VRChat avatar pose 蝝?嚗???AE 撌亙
booth-7102990	2 蝘?Motion Graphics #10??2 ?舐?蝛塚?蝺渡???AEP 雿?瑼??蝡?AE 撌亙
booth-7116235	2 蝘?Motion Graphics #13??5 ?舐?蝛塚?蝺渡???AEP 雿?瑼??蝡?AE 撌亙
booth-7116590	2 蝘?Motion Graphics #16??8 ?舐?蝛塚?蝺渡???AEP 雿?瑼??蝡?AE 撌亙
booth-7116832	DuplicaterTools ??Unity 撠? Editor ?游?撌亙嚗? After Effects host
booth-7137540	AI ???蝝????荔??極??booth-7137787	AI ???蝝????荔??極??booth-7150605	AI ???蝝????荔??極??booth-7137147	AI ???蝝????荔??極??booth-6563932	VRChat ?剁?VRC Note Keeper嚗???AE host
booth-7154404	雿餈唳葫閰血?鞈迎?Mac 銝摰嫘歇??bug嚗?booth-6934760	雿餈唳葫閰血?鞈迎?Mac 銝摰嫘歇??bug嚗?booth-6873879	雿?蝷箝極鈭葉???潔葉?
booth-7155901	?Ｕ?瑯?喋?押?????胯蝝?嚗p4嚗??極??booth-7696002	OBS ?券?靽∠?Ｙ?????AE host
booth-7160438	?瑯?? After Effects AEP ?祥璅⊥嚗??函? AE 撌亙
booth-7176429	???極?琿?????嚗銝??booth-7187728	VRChat嚗nity嚗?D 璅∪???隞塚???AE 撌亙
booth-7177617	Premiere Pro ?剁?AlignClipTools嚗???AE host
booth-7187899	?餉??寞 VRChat avatar ??蝝?嚗? After Effects 撌亙
booth-7195571	VRChat嚗nity嚗?D 璅∪???隞塚???AE 撌亙
booth-7213517	???極?琿?????嚗銝??booth-7266089	???極?琿?????嚗銝??booth-7353891	VRChat嚗nity嚗?D 璅∪???隞塚???AE 撌亙
booth-7232370	??loop嚗iggle ?Ｘ?撌亙??
booth-7257031	3D particle ?臬蔣?????摰? AE 撌亙
booth-7276877	瘜⊥部頧?臬蔣?????蝡?AE 撌亙
booth-7277172	???怒?怒??After Effects ??.ffx ???身嚗??函? AE 撌亙
booth-7277771	Motion Graphics 蝧? #12 ?舐?蝛塚?蝺渡???AEP 雿?瑼??蝡?AE 撌亙
booth-7278382	?? Audio Spectrum ??.ffx ?身???蝡?AE 撌亙
booth-7286686	Easy Loop ??loopOut嚗oopIn嚗ime remap ?寞活憟???Loopy???潦???祇?摨阡????芾?頞喳??函?
booth-7297007	?寞活蝵桐葉 Anchor Point ?銝??嚗??Ｘ? Move Anchor Point嚗nchor Pro 蝑極?琿?摨阡???booth-6958990	?陛???芥???臬蝝?After Effects ?身嚗??園?蝝?閮剜?
booth-7299271	?函? AI ?芸?擐祈魚?極?瘀???AE 撌亙
booth-7327492	?蝪∪???冗?渡?撠極??booth-6511475	?蝪∪??朣?撌亙
booth-7335769	??芥??? MV 敶梁?蝝?嚗??函? AE 撌亙
booth-7361360	Motion graphics AEP 撠?瑼??摰?撌亙
booth-7370951	Xyvr ?臬霈???????After Effects 撌亙
booth-7373003	?漁蝎??臭蝙?典撱箸??? AEP 蝝?瑼??蝡?AE 撌亙
booth-7402756	?芸??航???????AEP 璅⊥嚗??函?撌亙
booth-7420389	???極?琿?????嚗銝??booth-7588334	敶梁?嚗??湛?璅⊥蝝?嚗? AE 撌亙
booth-7498996	scl_Film Strip ?臬蝝?.ffx ?身嚗??園?蝝?閮剜?
booth-7515479	3D 敹耦蝎??舫? MOV 敶梁?蝝?嚗??臬?鋆?AE 撌亙
booth-7575539	餈賢? Shape Key ??VRChat avatar 璅∪??游?蝝?嚗? After Effects 撌亙
booth-7589056	敶梁?嚗??湛?璅⊥蝝?嚗? AE 撌亙
booth-7589073	敶梁?嚗??湛?璅⊥蝝?嚗? AE 撌亙
booth-7590750	???見蝝?嚗? ffx嚗??祈釭?箇???booth-7491079	???見蝝?嚗? ffx嚗??祈釭?箇???booth-2009772	EDIUS ?券?閮哨???AE 撌亙
booth-7590981	VRChat嚗nity嚗?D 璅∪???隞塚???AE 撌亙
booth-7596137	Owl 2.0 ??VRChat home world ??嚗? After Effects 撌亙
booth-7618934	Sat Comp ??DaVinci Resolve DCTL嚗? After Effects host
booth-7666184	Lightleak Transition ?臬蔣???渡???嚗??函? AE 撌亙
booth-7668392	VRChat嚗nity ?賊?嚗? AE 撌亙
booth-7671432	iPhone ?蔣憸冽蝬?敶梁?蝝?嚗??函? AE 撌亙
booth-7671596	Premiere Pro ?具?潦?扼?啜???寧?????AE host
booth-7672717	VRChat嚗nity嚗?D 璅∪???隞塚???AE 撌亙
booth-7673903	VRChat嚗nity嚗?D 璅∪???隞塚???AE 撌亙
booth-7680542	???極?琿?????嚗銝??booth-7696970	???極?琿?????嚗銝??booth-7716028	VRChat嚗nity嚗?D 璅∪???隞塚???AE 撌亙
booth-7684764	ME Fluid ?臬雿輻?批遣????After Effects ???身嚗??函? AE 撌亙
booth-7686641	Motion Graphics 蝧? #13 ?舐?蝛塚?蝺渡???AEP 雿?瑼??蝡?AE 撌亙
booth-7697194	CoC 頛?隤迎??蝝?嚗???After Effects 撌亙
booth-7698588	VRChat ?剁?CameraTan嚗???AE host
booth-7701488	?餃??圈?撌亙嚗? AE 撌亙
booth-7711825	?瑟????臬???????After Effects 撌亙
booth-7719041	Motion Graphics 蝧? #14 ?舐?蝛塚?蝺渡???AEP 雿?瑼??蝡?AE 撌亙
booth-7726008	???極?琿?????嚗銝??booth-7742853	???極?琿?????嚗銝??booth-7755523	Photoshop嚗llustrator 撠撌亙??PSD 蝝?嚗? AE 撌亙
booth-7729808	Photoshop ?具?胯??嚗? AE host
booth-7732019	Mixed Media Preset ??AEP 撠???????蝯??蝡?AE 撌亙
booth-7738010	摰隤芣?隞?Premiere Pro ?箔蜓嚗OICEVOX ??嚗?AE ?湔?琿?隤芣??
booth-7763065	?研?扎蝘餃??嫘?芥?????撅斤宏?唳??遘?銝??銝????銝?憟?撅斤恣?極?瑕歇?????賢?
booth-7763065	LayerMover ???惜蝘餃?銝??銝?撅砍銝????嚗歇????撅斤恣?極?瑟項?????
booth-7764373	BPM_scale ??AE Animation Preset嚗??函? AE 撌亙
booth-7775566	????身??MIHARU嚗?蝝?閮剖?銝
booth-7780770	YMM4 ?典?????AE 撌亙
booth-7807641	???極?琿?????嚗銝??booth-7837396	???極?琿?????嚗銝??booth-7877762	???極?琿?????嚗銝??booth-7883002	Photoshop嚗llustrator 撠撌亙??PSD 蝝?嚗? AE 撌亙
booth-7807826	Blender ?典?????AE 撌亙
booth-7812592	Blender ?典極?瘀???AE 撌亙
booth-7822000	CreateShapePlus ?芰??銝?? Shape嚗??賜???蝒??思??鞈?摨?booth-5223973	Project Replacer 摰???甈∪?隞???蝝????亥牧??蝻箔?頞喳???摰寞抒敦蝭嚗銝??booth-8362356	Random Square ??桐??惜??甇?敶ａ璈摮??蝭???嚗??暹? Grid嚗?極?瑕歇閬?銝餉??瘙?booth-7943646	????????艾???研????身銝?萄???憿???餈蝙?典??踝??歇?園???ValetAE?pookie 蝑極?瑞恣?擃漲??
booth-7822273	Photoshop ?具?胯??嚗雿?嚗? AE host
booth-7830448	Loading Transition ??VTuber嚗蔣???渡???嚗??函? AE 撌亙
booth-7833206	擐砍? Rig ?臭蝙??Limber 2 ??AEP 撠?瑼??蝡?AE 撌亙
booth-7833281	?函? AI 頞圾?極?瘀???AE 撌亙
booth-7834603	Lit. Effect Pack Vol.1嚗惇??蝝????函?撌亙
booth-7842172	RANFREN ??VRChat avatar 蝝?嚗? After Effects 撌亙
booth-7847854	???撠極?瘀????telop 撌亙??銝???booth-8139170	Photoshop ?具?胯??嚗? AE host
booth-7854109	撅?撅?靽∠?Ｘ MP4嚗NG ?蝝?嚗??函? AE 撌亙
booth-7859277	蝟餌絞撣賊?頛詨瘜極?瘀???AE 撌亙
booth-7866112	Deckard ????瘛勗惜銴ˊ??皞蔭?歇??True Comp Duplicator?ompCode 蝑?極?瑟項??booth-7703858	??嚗FX嚗?祆?撠??嚗?撌脫?? FX Console ??
booth-7870150	HarmoniseMellowcord ?臬???????After Effects 撌亙
booth-7872976	???箇????? PDF ??嚗??函? AE 撌亙
booth-7873590	???閮剖?? 03 ?舀?摮賊??對??蝡?AE 撌亙
booth-7873604	AE ???閮剖??? PDF ??嚗??函? AE 撌亙
booth-7874167	摮?+ ??After Effects ??身嚗??函? AE 撌亙
booth-7879560	AE ?漲摮??舀?潭?摮賊??對??蝡?AE 撌亙
booth-7882845	MV 憸冽?摮楚?交?飛??摮賊??對??蝡?AE 撌亙
booth-7882863	Cyberpunk Glitch ???臬?鞎餅?潮??寡? AE 瑼???嚗??函? AE 撌亙
booth-7882874	?鼓憸冽?摮??急?飛??摮賊??對??蝡?AE 撌亙
booth-7883096	瘨脤??????AE ?飛??摮賊??對??蝡?AE 撌亙
booth-7883124	AE Kinetic Typography ?臬?摮貉?摮賊??對??蝡?AE 撌亙
booth-7883137	AE ?芷?蝎????舀?潮??對??蝡?AE 撌亙
booth-7885118	憟Ｚ蝎?????舀?摮賊??對??蝡?AE 撌亙
booth-7885151	?湔?????PDF嚗?潭?摮賊??對??蝡?AE 撌亙
booth-7885160	3D ??????舀?潮??對??蝡?AE 撌亙
booth-7886466	AiBow Script ??Adobe Premiere Pro ?抒? VOICEVOX ?唳?Ｘ嚗? After Effects host 撌亙
booth-7886471	??喋?蝝?嚗?撌亙
booth-7887847	?漁?????AE ?飛??摮賊??對??蝡?AE 撌亙
booth-7887877	擃?雿??寞?摮?詨潮??寡? AE ??嚗??函? AE 撌亙
booth-7887908	Flower Princess ??VRChat嚗vatar ??嚗? After Effects 撌亙
booth-7888348	?餌?蝣?憸函?摮???撅祉??? AE 撌亙
booth-7888608	瘞游◢蝑?摮 PDF嚗?潭?摮賊??對??蝡?AE 撌亙
booth-7888659	瘨脤?????舀?潮??對??蝡?AE 撌亙
booth-7888687	?芯???舀?摮 AE ?飛??潮??對??蝡?AE 撌亙
booth-7889426	???極?琿?????嚗銝??booth-7891588	Photoshop嚗llustrator 撠撌亙??PSD 蝝?嚗? AE 撌亙
booth-7889483	FPS ?賭葉璅???畾粹??PDF嚗?潭?摮賊??對??蝡?AE 撌亙
booth-7889940	?◢????摮?詨潮??寡? AE ??嚗??函? AE 撌亙
booth-7895631	C 隤?蝺刻陌撌亙嚗? AE 撌亙
booth-7896359	?摰??瑕拿瞍??PDF嚗?潭?摮賊??對??蝡?AE 撌亙
booth-7896365	?漲摮???Jet Cut ??PDF嚗?潭?摮賊??對??蝡?AE 撌亙
booth-7896415	?剖蔣??Impact ???舀?潮??寡? AE 瑼???嚗??函? AE 撌亙
booth-7898955	YouTube Shorts 撘瑁矽摮??舀?潭?摮賊??對??蝡?AE 撌亙
booth-7898965	AE ?游?摮???PDF嚗?潭?摮賊??對??蝡?AE 撌亙
booth-7898975	?摰?撘瑁矽????PDF嚗?潭?摮賊??對??蝡?AE 撌亙
booth-7901897	YouTube Ending ?????PDF嚗?潭?摮賊??對??蝡?AE 撌亙
booth-7901979	???極?琿?????嚗銝??booth-7902307	???極?琿?????嚗銝??booth-7902317	??桐???蝒?撌亙?單嚗銝??booth-7925787	OBS嚗??Ｘ??剁???AE ?辣
booth-7902671	Font Preview ?舀??HL_Fontory 摮?蝞∠??游???摨阡?????booth-7411242	撖衣蜀敶梁?鋆賭? preset嚗惇璅⊥嚗???撌亙
booth-7920328	????????潦鋆賭??准???撅祇?閮哨?蝝????函?撌亙
booth-7920682	MatchLayerDuration ??擐?惜蝯曹??瑕漲?????嚗歇??Rift?equenceLayers 蝑??摨??極?瑟項??booth-6832164	Arrange Layers ?摰?頝偌撟喉????撌脩 Layers2Grid?ridder 2 ??憟?朣極?瑟項??booth-7783900	Random Placement ??鋆賭蒂?冽??寡?雿蔭?葬?曇???嚗歇??Cloners + Effectors?otionMonkey 蝑璈?蝵桀極?瑟項??booth-7938074	SelectiveAdjustment ??摰?撅方矽?湔??歇?勗??賜??撌脫?? Set Adjustment 瘨菔?
booth-7925787	SavePNG ???桀?敶望摮? PNG嚗??質??Ｘ? Comp Screenshot ?湔??嚗?敺?靘?Ⅱ????極雿?
booth-7926215	Assistive Tools 撠之??朣?摮????萄蔣?潸??惜?????極?琿?嚗?桐??詨??Ｗ?嚗?憭??撌脫??園?撌亙瘨菔?
booth-7929286	Big cat set ??VRChat avatar 蝝?嚗? After Effects host
booth-7931092	Fl-ZIPDI ??Unity Assets package ?臬?游?嚗? After Effects host
booth-7934166	Photoshop ?具?胯??嚗? AE host
booth-7935494	???身??MIHARU嚗?蝝?閮剖?銝
booth-7942873	OBS嚗??Ｘ??剁???AE ?辣
booth-7946436	????AE 敹怠???蝣翰??撅砍銝蝬剛風?嚗?撌脫?? AE Purger嚗hrottle-n-Purge ??
booth-7946732	A_Bayangan 銝餉???Drop Shadow ?隞?祕雿?摰???頞喳??蝡??賜敦蝭嚗??蔣?瘙歇??蝑銵??????思??園?
booth-7957551	敶梁?嚗??湛?璅⊥蝝?嚗? AE 撌亙
booth-7957853	AE Novel ?舀??飛?批捆撋 AE ?祕撽扳?蝔???撅祆????舐蝡?極??booth-7957319	Lit. Geometric Animation嚗惇?蝝?嚗?閮剛? AE 撌亙
booth-7961308	Photoshop嚗llustrator 撠撌亙??PSD 蝝?嚗? AE 撌亙
booth-7965759	Premiere Pro 摮?璅⊥嚗? After Effects 撌亙
booth-7974255	?Ｕ??⊿◢????胯?嚗??研嚗?撅祆??????? AE 撌亙
booth-7979889	CSV嚗xcel ?寞活撌亙嚗? AE 撌亙
booth-7981677	Photoshop嚗llustrator 撠撌亙??PSD 蝝?嚗? AE 撌亙
booth-7982438	???極?琿?????嚗銝??booth-7983547	VRChat嚗nity嚗?D 璅∪???隞塚???AE 撌亙
booth-7982438	AutoGuide3 ?蔭銝准??脯?方??? Guide ???舐 AE ?批遣 Guides嚗??GuideGuide 摰?嚗??賜???蝒?booth-6652211	SaveSnap ??靘?蔣??PNG 敹怎嚗??Ｘ? Comp Screenshot ??????賜?仿???booth-8176824	3D Align Center ????隞?After Effects ?箸?憿?雿?雿憓?雿???Premiere Pro嚗瘜Ⅱ隤?After Effects host嚗銝??booth-7406035	BPM Waveform 摰??蝣箸 Unity Editor script嚗蒂??After Effects 撌亙
booth-7983392	3D Metal ??AEP 撠?瑼??蝡?AE 撌亙
booth-7983576	VRChat嚗nity嚗?D 璅∪???隞塚???AE 撌亙
booth-7983594	VRChat嚗nity嚗?D 璅∪???隞塚???AE 撌亙
booth-7985776	???極?琿?????嚗銝??booth-8008951	?嗡??芾摩頠?撠撌亙嚗? AE 撌亙
booth-7997362	VRChat ?具?扼??潘???AE host
booth-8001980	Premiere嚗fter Effects 瘛瑕?璅⊥嚗??函? AE 撌亙
booth-8004669	BPM 璅????剁??歇?園???AudioToMarkers?eat Assistant 蝑???booth-8028067	?拍?撘?頝喉??踴嚗????撌亙嚗?撌脫?? Easy Bounce?etroBounce?quash & Stretch 蝑???booth-8124837	?單?????撌亙嚗?撌脫?? BeatPad?niversal Audio?CC Beat Reactor 蝑???booth-8127965	??獢???極?瘀??歇?園???TextBox 2?ox It!?hapeFit Panel 蝑???booth-8133054	??3D ?孵????剁??歇?園???Create3DShapes?somatic FX 蝑???booth-8140610	摮?雿平撌亙嚗??寥??膩銝雲銝?撌脫?? Captioneer?ypeAnimeJP 蝑?撟極?琿???booth-8237538	Trim Path ??? Null ?Ｙ??剁????
booth-8009919	AE ??Blender嚗aya ?豢??郊璈撌亙嚗?撌脫?? BlenderAe ?璈?摨扳??郊???
booth-8017990	A_InnerGradation 摰???游像?啗??祥鞈?嚗撩銋??質??隤芣?
booth-8023603	Premiere Pro ??MOGRT 蝝?嚗? AE host
booth-8028094	Re_CCCompFix ?芯耨甇?CC Composite ??Top layer ???桐???嚗惇???摰隤支耨敺拙極?瘀??思??園?
booth-8030064	????Script Launcher 擃漲??嚗??粹??潭葫閰衣?
booth-8034269	?函? AI ?芸?擐祈魚?極?瘀???AE 撌亙
booth-8039034	InertiaBones ??Unity Editor ??PhysBone 撌亙嚗? After Effects host
booth-8040467	Blender ?典極?瘀???AE 撌亙
booth-8043727	VRChat嚗nity嚗?D 璅∪???隞塚???AE 撌亙
booth-8044134	敶梁?嚗??湛?璅⊥蝝?嚗? AE 撌亙
booth-8048318	敶梁?嚗??湛?璅⊥蝝?嚗? AE 撌亙
booth-8049876	YMM4 ?具??押?扎嚗? AE host
booth-8051116	Premiere嚗fter Effects 璅⊥蝝?嚗??函? AE 撌亙
booth-8052153	???極?琿?????嚗銝??booth-8063745	???極?琿?????嚗銝??booth-8066925	???極?琿?????嚗銝??booth-8082372	敶梁?嚗??湛?璅⊥蝝?嚗? AE 撌亙
booth-8053084	Binzii_SimpleRays ?臬??典 Shape Layer ????閮哨??蝡?AE 撌亙
booth-8065635	?隤◢敺??恍??MP4嚗EP ?湔蝝?嚗??函? AE 撌亙
booth-8081031	Particle launcher 銝餉??臭??萄??其?蝯?CC Particle World ?箏?閮剖???閮剖??嚗?撱箸??? ParticleShapes 蝑?摮極?瑕歇瘨菔??游??湔??booth-7832845	Script Launcher ??JSX ?駁??銵?蝺刻摩?賢?撌脩?Ｘ? Script Launcher?ool Launcher 蝑?砍??極?瑟項??booth-7926435	AE Project Folder Organizer ??憿????冗?雿輻蝝??渡?撌脩 OrganizerPro 蝑?獢?極?瑟項??booth-6797983	Auto Crop Comp ???詨? 2D ?惜??鋆???撌脩 Auto Crop 3?ropROI ??CropPrecomps 蝑?極?瑟項??booth-8058788	Nanten ExAI ??嗉?閮???耨敺抵?敺株矽銵券?撘?歇??mirAI ?項?撱?? AE GPT ?園?
booth-8082537	敶梁?嚗??湛?璅⊥蝝?嚗? AE 撌亙
booth-8082569	Photoshop嚗llustrator 撠撌亙??PSD 蝝?嚗? AE 撌亙
booth-8083872	BGM嚗??蝝?嚗? AE 撌亙
booth-8087145	??Loopy嚗??潦???擃漲??銋???booth-1504515	???keyframe 撌亙??KEYboard嚗eyframe Buddy嚗RC嚗?摨阡???booth-6777408	雿餈唳葫閰衣?嚗ac 銝摰嫘歇??bug嚗?booth-7511897	雿餈圈??潭葫閰衣?嚗?潮?隤踵撞
booth-8088353	FramePosition ?芣霈蔣???剜?漲嚗??賡?蝒?蝻箔?摰 AE 撌亙隤芣?
booth-8089765	VRChat嚗nity嚗?D 璅∪???隞塚???AE 撌亙
booth-8092692	???極?琿?????嚗銝??booth-8096145	???極?琿?????嚗銝??booth-8127229	Photoshop嚗llustrator 撠撌亙??PSD 蝝?嚗? AE 撌亙
booth-8093384	鈭支?暺?inout ??AE Animation Preset嚗惇?澆??恍?閮剛??函? AE 撌亙
booth-8093534	?蝑 AE Animation Preset嚗惇?澆??恍?閮剛??函? AE 撌亙
booth-8107279	瘞湔????詻????摮???嚗? After Effects 撌亙
booth-8107429	蝖祇?頧??踹?隞塚???AE 撌亙
booth-8110237	AI ?蝝?嚗ora/Runway/Kling嚗??極??booth-7993523	VRChat ?具??乓?ｇ???AE host
booth-8111900	CutsheetMaker ?舐蝡蔣??Excel 獢?嚗? After Effects host
booth-8119285	NopiA_smoke_2dfxPack ?舀?蝜芸??急?????嚗??函? AE 撌亙
booth-8121576	AviUtl ?典?????AE 撌亙
booth-8123001	??璈◢ Impact ?舫?敶梁???AEP 蝝?憟?嚗??函? AE 撌亙
booth-8129934	?????蝝???撅祉????? AE 撌亙
booth-8130004	???極?琿?????嚗銝??booth-8130167	OBS嚗??Ｘ??剁???AE ?辣
booth-8131997	AEP-Texture ??AE 蝝??身???蝡?AE 撌亙
booth-8133913	TextureColorKit ??VRChat avatar 蝝?嚗O嚗DF ??雿喳?撌亙嚗? After Effects host
booth-8140566	憍旨 Logo ??舀??蔣?????蝡?AE 撌亙
booth-8143492	???極?琿?????嚗銝??booth-8147945	敶梁?嚗??湛?璅⊥蝝?嚗? AE 撌亙
booth-8145146	Document Browser ??Photoshop 撠憭?嚗? After Effects host 撌亙
booth-8149381	BOX ?臭??弦雿輻??AEP 撠?瑼??蝡?AE 撌亙
booth-8153454	??桐???蝒?撌亙?單嚗銝??booth-8171788	???極?琿?????嚗銝??booth-8176571	???極?琿?????嚗銝??booth-8176824	???極?琿?????嚗銝??booth-8182799	BGM嚗??蝝?嚗? AE 撌亙
booth-8153500	4k ?啜??瑯?唾??舐?? MP4 敶梁?蝝?嚗??函? AE 撌亙
booth-8174243	3D Motion Graphics #01 ?舀?摮貊 After Effects 撠?瑼??蝡?AE 撌亙
booth-8182835	BGM嚗??蝝?嚗? AE 撌亙
booth-8182868	BGM嚗??蝝?嚗? AE 撌亙
booth-8182900	BGM嚗??蝝?嚗? AE 撌亙
booth-8182928	BGM嚗??蝝?嚗? AE 撌亙
booth-8183369	BGM嚗??蝝?嚗? AE 撌亙
booth-8183410	BGM嚗??蝝?嚗? AE 撌亙
booth-8183457	BGM嚗??蝝?嚗? AE 撌亙
booth-8183482	BGM嚗??蝝?嚗? AE 撌亙
booth-8183518	BGM嚗??蝝?嚗? AE 撌亙
booth-8183546	BGM嚗??蝝?嚗? AE 撌亙
booth-8183640	BGM嚗??蝝?嚗? AE 撌亙
booth-8183663	BGM嚗??蝝?嚗? AE 撌亙
booth-8184628	3D Motion Graphics #02 ?舀?摮貊 After Effects 撠?瑼??蝡?AE 撌亙
booth-8186088	Premiere 銝駁??極雿?蝔芋?選???AE host
booth-8187369	A_Halfdots ??Free Transition MOV 敶梁?蝝?嚗??函? AE 撌亙
booth-8190017	BGM嚗??蝝?嚗? AE 撌亙
booth-8190526	WebM ??MOV 頧??臭蝙??ffmpeg ?蝡隞文?撌亙嚗? After Effects host 撌亙
booth-8190876	Warudo ?具??押?扎嚗? AE host
booth-8192227	蝮血??研?寡釭 ?蝝????荔??極??booth-5740869	MMD ?具?潦?扼嚗丐?嚗???AE host
booth-8194092	???極?琿?????嚗銝??booth-8194849	??桐???蝒?撌亙?單嚗銝??booth-8199722	???極?琿?????嚗銝??booth-8217535	???極?琿?????嚗銝??booth-8222977	???極?琿?????嚗銝??booth-8242478	VRChat嚗nity嚗?D 璅∪???隞塚???AE 撌亙
booth-8197470	SDCLauncher ?航?砍??嚗??Ｘ? Spookie嚗aletAE 蝑恣?擃漲??
booth-8199660	AEP 璅⊥嚗akura Ground Crawling嚗?撅祆芋?輸?
booth-8234144	蝺??身??MIHARU嚗?蝝?閮剖?銝
booth-8241415	kirakira ?臭??弦雿輻??AEP 撠?瑼??蝡?AE 撌亙
booth-8252699	敶梁?嚗??湛?璅⊥蝝?嚗? AE 撌亙
booth-8254797	KKShapeEditor ??Koikatsu嚗KS ??辣嚗? After Effects host
booth-8257916	QuickComp ??????蒂???箔誨?極雿?撌脩 CreateProxies 蝑?誨?遣蝡極?瑟項??booth-7368084	NeonBlink ?芣??桐??憭???曇????身憟??嚗linkPanel ????對?Glow 撌亙撌脫??游??湔??booth-6812550	Aurgan 摰 BOOTH ???????HTTP 404嚗?靘??????獢??鈭西? OrganizerPro ??
booth-8258039	CSV嚗xcel ?寞活撌亙嚗? AE 撌亙
booth-8266268	???極?琿?????嚗銝??booth-8290967	OBS嚗??Ｘ??剁???AE ?辣
booth-8270970	?函? AI 敶勗?撌亙嚗? AE 撌亙
booth-8276066	?? MOV嚗ebM 頧??舐蝡蔣?撘??極?瘀???After Effects host 撌亙
booth-8286920	Sci-Fi HUD Logo Opener ??After Effects Logo 璅⊥嚗??函? AE 撌亙
booth-8288152	?函? AI ?芸?擐祈魚?極?瘀???AE 撌亙
booth-8292828	???極?琿?????嚗銝??booth-8293489	BGM嚗??蝝?嚗? AE 撌亙
booth-8296369	敶梁?嚗??湛?璅⊥蝝?嚗? AE 撌亙
booth-8297358	VRChat嚗nity ?賊?嚗? AE 撌亙
booth-8298091	TRPG嚗??????嚗? AE 撌亙
booth-8300237	摰????蝷?item no longer available嚗??曇??舀?極??booth-8526527	SF 敺??恍憸冽??AE ?撥嚗?靽∠?Ｙ???撅祆芋?選?蝝???撌亙
booth-8306432	蝝???155 蝔格?蝜芣???MOV/AEP ??darenoki_face嚗??極??multiview	???Premiere Pro嚗??寡牧??native Premiere motion嚗 MOGRT ??AE ?舀嚗?podcastervisuals	摰?Ｗ??????舀 Final Cut Pro嚗? After Effects host
booth-8308334	敶梁?嚗??湛?璅⊥蝝?嚗? AE 撌亙
booth-8308683	VJ 蝝?????After Effects 撌亙
booth-8314600	?函???PACK ?舐???鋆????蝡?AE 撌亙
booth-8315961	OBS嚗??Ｘ??剁???AE ?辣
booth-8317350	VRChat嚗nity嚗?D 璅∪???隞塚???AE 撌亙
booth-8317583	Photoshop ?具?胯??嚗??准???PSD嚗???AE host
booth-8321652	?踴?詻?喋??臬???????After Effects 撌亙
booth-8330000	???極?琿?????嚗銝??booth-8339688	敶梁?嚗??湛?璅⊥蝝?嚗? AE 撌亙
booth-8337763	?惜??賢?撌亙嚗?撌脫?? Fast Renamer?enamer2 蝑???booth-8471328	???拙耦隤踵撌亙嚗?撌脫?? RectControl 蝑??????
booth-8339813	TimeCompressionCamera ?舐蝡雯頝舀?敶望?嚗蔣??鋆賣??函?撘?銝阡? After Effects host 撌亙
booth-8339972	敶梁?嚗??湛?璅⊥蝝?嚗? AE 撌亙
booth-8344160	OBS嚗??Ｘ??剁???AE ?辣
booth-8345991	敶梁?嚗??湛?璅⊥蝝?嚗? AE 撌亙
booth-8348271	敶梁?嚗??湛?璅⊥蝝?嚗? AE 撌亙
booth-8348940	?弦??AEP嚗????芥?扎??啜?嚗??舐?蝛塚?蝷箇?撠?瑼??臬?鋆極??booth-8236896	?Ｕ??⊿◢????胯?蝝????餅?蝟鳴?嚗惇?蝝??? AE 撌亙
booth-8362356	OBS嚗??Ｘ??剁???AE ?辣
booth-8364091	敶梁?嚗??湛?璅⊥蝝?嚗? AE 撌亙
booth-8364148	???極?琿?????嚗銝??booth-8369118	Photoshop嚗llustrator 撠撌亙??PSD 蝝?嚗? AE 撌亙
booth-8367277	Cinematic Title Pack ??After Effects 璅?璅⊥憟?嚗??函? AE 撌亙
booth-8367691	simpleGaming ??蝥???撅方?賂????
booth-8369887	??雓漣嚗fter Effects 雓漣嚗??極??booth-8373318	Unity ?具?扼??潘?MomiziShader嚗???AE host
booth-8373597	敶梁?嚗??湛?璅⊥蝝?嚗? AE 撌亙
booth-8381383	???極?琿?????嚗銝??booth-8386208	敶梁?嚗??湛?璅⊥蝝?嚗? AE 撌亙
booth-8383016	?弦??AEP嚗??耦撌亙?Ｕ?瑯?喉?嚗?弦嚗內蝭?獢????臬?鋆極??booth-8357696	?弦??AEP嚗楛瘚瑟蝝ａ◢銵函嚗??舐?蝛塚?蝷箇?撠?瑼??臬?鋆極??booth-6727822	5 蝔?Shape Effect ??撅祇?閮哨???蝝????函?撌亙
booth-8384799	Label & Finder Bar ??蝔望?撠??璅惜?脰身摰歇??AM Select And Set?orro?abion 憿極?瑟項??booth-6668813	甇?SyncFX ???詨?撅祆扯”??憟憭?撅歹????Expression Kit?wiftShift 憿甈∟”??撌亙??
booth-8386500	敶梁?嚗??湛?璅⊥蝝?嚗? AE 撌亙
booth-8388516	?Ｕ??⊿◢????胯?蝝???憓剁?嚗惇?蝝??? AE 撌亙
booth-8390124	?怒???舐???mp4嚗??極??booth-6907673	Premiere Pro ?具?潦?扼?啜???寧?????AE host
booth-8392320	???極?琿?????嚗銝??booth-8404901	?嗡??芾摩頠?撠撌亙嚗? AE 撌亙
booth-8394505	Google Apps Script ?寞活撌亙嚗? AE 撌亙
booth-8406142	?嗡??芾摩頠?撠撌亙嚗? AE 撌亙
booth-8408253	????蝷?item no longer available嚗瘜撖衣?桀??舐??AE 撌亙
booth-8408817	敶梁?嚗??湛?璅⊥蝝?嚗? AE 撌亙
booth-8415267	AAA Energy Explosion Scene ??After Effects AEP ?湔撠?嚗??函? AE 撌亙
booth-8417920	???極?琿?????嚗銝??booth-8419806	敶梁?嚗??湛?璅⊥蝝?嚗? AE 撌亙
booth-8420731	???極?琿?????嚗銝??booth-8420761	敶梁?嚗??湛?璅⊥蝝?嚗? AE 撌亙
booth-8420879	敶梁?嚗??湛?璅⊥蝝?嚗? AE 撌亙
booth-8425381	???極?琿?????嚗銝??booth-8429097	Photoshop嚗llustrator 撠撌亙??PSD 蝝?嚗? AE 撌亙
booth-8428737	蝪∪?脣蔗?Ｘ???Chromix 蝑敶拚?閮哨?隤輯撌亙擃漲??嚗??祥??賭?摮?????booth-8558571	CTI Jump ?芣?靘誑?身敶望?貊宏?????蝷箏嚗??Ｘ? QuartzJump嚗??遘撌亙擃漲??嚗??賡?蝒?booth-7582313	Labion ?芣?靘??萄???撅斗?蝐方嚗??祆 Labels Lite ???湔?蝐歹???詨????嚗??賡?蝒?booth-5513671	ADOBEZIER ??蝷?Shape嚗askPath ?舀嚗??孵???蝻箔?頞喳????鋆牧??booth-6238733	R-CompAnchorTool ?芸????詨? Anchor Point 蝘餃?嚗? APRM ??暺極?琿???booth-3684300	Add Guide ?芸遣蝡?蝝??曉?瘥?Guide嚗??賢銝銝頛??撌亙
booth-8439082	???極?琿?????嚗銝??booth-8440208	OBS嚗??Ｘ??剁???AE ?辣
booth-8442109	Member Color Glow ??AEP 撠?瑼??蝡????單
booth-8443701	???極?琿?????嚗銝??booth-8447311	???極?琿?????嚗銝??booth-8448364	Photoshop嚗llustrator 撠撌亙??PSD 蝝?嚗? AE 撌亙
booth-8445492	銝?萄???loop expression ??祈??Ｘ??芸?敺芰撌亙擃漲??
booth-8451006	?嗡??芾摩頠?撠撌亙嚗? AE 撌亙
booth-8452017	?喋???舐蝡蔣???唾?頧????舐宏?斗??Ｙ?撘???After Effects host 撌亙
booth-8466732	7ewdResynthesis ??VST ?唾??辣嚗? After Effects host
booth-8468704	???極?琿?????嚗銝??booth-8475992	BGM嚗??蝝?嚗? AE 撌亙
booth-8480357	All Font Changer ?????撌Ｙ???????歇??pt_TextEdit 2 ??Project Font Pro ?楊撠?摮?蝞∠?瘨菔?
booth-8480988	敶梁?嚗??湛?璅⊥蝝?嚗? AE 撌亙
booth-8482325	?函? MIDI 蝺冽頠?嚗? AE 撌亙
booth-8483001	敶梁?嚗??湛?璅⊥蝝?嚗? AE 撌亙
booth-8491641	Summer Breeze Set ??VRChat avatar ??蝝?嚗? After Effects 撌亙
booth-8492852	敶梁?嚗??湛?璅⊥蝝?嚗? AE 撌亙
booth-8496549	???極?琿?????嚗銝??booth-8497222	Photoshop嚗llustrator 撠撌亙??PSD 蝝?嚗? AE 撌亙
booth-8497435	???極?琿?????嚗銝??booth-8502309	敶梁?嚗??湛?璅⊥蝝?嚗? AE 撌亙
booth-8500548	Harmap ??VST ?唾??辣嚗? After Effects host
booth-8506333	minus ??蝝???AEP嚗蔣????嚗??函? AE 撌亙
booth-8508744	敶梁?嚗??湛?璅⊥蝝?嚗? AE 撌亙
booth-8511099	VRChat嚗nity嚗?D 璅∪???隞塚???AE 撌亙
booth-8513896	?函? VJ 蝟餌絞嚗?撽?嚗???AE 撌亙
booth-8513969	敶梁?嚗??湛?璅⊥蝝?嚗? AE 撌亙
booth-8514743	???極?琿?????嚗銝??booth-8516148	敶梁?嚗??湛?璅⊥蝝?嚗? AE 撌亙
booth-8516123	??????? MV 撠?瑼??蝡?AE 撌亙
booth-8516161	敶梁?嚗??湛?璅⊥蝝?嚗? AE 撌亙
booth-8517073	54 蝔?lyric motion ??VTuber ??蝝????蝡?AE 撌亙
booth-8517293	???極?琿?????嚗銝??booth-8518916	敶梁?嚗??湛?璅⊥蝝?嚗? AE 撌亙
booth-8517664	CONCAFE BIKINI ??VRChat avatar ??蝝?嚗? After Effects 撌亙
booth-8522397	敶梁?嚗??湛?璅⊥蝝?嚗? AE 撌亙
booth-8522431	敶梁?嚗??湛?璅⊥蝝?嚗? AE 撌亙
booth-8522509	敶梁?嚗??湛?璅⊥蝝?嚗? AE 撌亙
booth-8524104	敶梁?嚗??湛?璅⊥蝝?嚗? AE 撌亙
booth-8524496	Photoshop ?具?胯??嚗?扎?潭?蝝ｇ?嚗? AE host
booth-8524677	敶梁?嚗??湛?璅⊥蝝?嚗? AE 撌亙
booth-8524683	敶梁?嚗??湛?璅⊥蝝?嚗? AE 撌亙
booth-8524693	敶梁?嚗??湛?璅⊥蝝?嚗? AE 撌亙
booth-8524903	敶梁?嚗??湛?璅⊥蝝?嚗? AE 撌亙
booth-8524969	敶梁?嚗??湛?璅⊥蝝?嚗? AE 撌亙
booth-8527009	Photoshop ?具?胯??嚗? AE host
booth-8527599	YMM4 ?具??押?扎嚗? AE host
booth-8529162	???極?琿?????嚗銝??booth-8533297	VRChat嚗nity嚗?D 璅∪???隞塚???AE 撌亙
booth-8534430	???極?琿?????嚗銝??booth-8534541	???極?琿?????嚗銝??booth-8534623	OBS嚗??Ｘ??剁???AE ?辣
booth-8537637	?嗡??芾摩頠?撠撌亙嚗? AE 撌亙
booth-8540076	敶梁?嚗??湛?璅⊥蝝?嚗? AE 撌亙
booth-8542768	?嗡??芾摩頠?撠撌亙嚗? AE 撌亙
booth-8545650	?嗡??芾摩頠?撠撌亙嚗? AE 撌亙
booth-8546194	???身??ffx嚗?蝝?閮剖?銝
booth-8546346	???極?琿?????嚗銝??booth-8547196	???極?琿?????嚗銝??booth-8547635	VRChat嚗nity嚗?D 璅∪???隞塚???AE 撌亙
booth-8547494	Shape ?身瑼Ｚ??剁?摰??餈唬?頞?booth-8570213	???撌亙嚗?撌脫?? Text Force?ypePlay 蝑???booth-8626270	HUD 隞??撌亙嚗?撌脫?? HUD Components?ircuitFX ?甈⊥?? NodeField ??
booth-8548101	?嗡??芾摩頠?撠撌亙嚗? AE 撌亙
booth-8548297	敶梁?嚗??湛?璅⊥蝝?嚗? AE 撌亙
booth-8548676	敶梁?嚗??湛?璅⊥蝝?嚗? AE 撌亙
booth-8551038	?嗡??芾摩頠?撠撌亙嚗? AE 撌亙
booth-8551564	???極?琿?????嚗銝??booth-8552545	敶梁?嚗??湛?璅⊥蝝?嚗? AE 撌亙
booth-8552458	OBS ?剁?Clock Plus嚗???AE host
booth-8553101	???極?琿?????嚗銝??booth-8559336	VRChat嚗nity嚗?D 璅∪???隞塚???AE 撌亙
booth-8558931	???蝭? AEP 撠?瑼?撅祉???蝭????臬?鋆極??booth-8544598	Catatan ?芣?蝷箸??After Effects 2019 隞乩?嚗??寥?蝻箔???膩
booth-8561196	CSS 蝬脤?撌亙嚗? AE 撌亙
booth-8561858	敶梁?嚗??湛?璅⊥蝝?嚗? AE 撌亙
booth-8562321	?Ｕ??⊿◢????胯?蝝????具?～??嚗惇?蝝??? AE 撌亙
booth-8562341	?啣挪?研?湔摮???嚗? After Effects 撌亙
booth-8562570	VRChat嚗nity嚗?D 璅∪???隞塚???AE 撌亙
booth-8564960	蝛箄?郊 rim light ??AEP 瞍撠?嚗?憭????booth-7885707	敶梁?鋆賭?瘣餃?蟡典嚗暑??????AE 撌亙
booth-8566166	??璅??蝝?嚗?撌亙
booth-8571165	敶梁?嚗??湛?璅⊥蝝?嚗? AE 撌亙
booth-8573133	Warudo ?具??押?扎嚗? AE host
booth-8573278	????? 116 蝔格 Premiere Pro 撠 MOGRT 璅⊥嚗? After Effects 撌亙
booth-8574824	敶梁?嚗??湛?璅⊥蝝?嚗? AE 撌亙
booth-8577646	Photoshop ?具?胯??嚗甇??嚗? AE host
booth-8577934	敶梁?嚗??湛?璅⊥蝝?嚗? AE 撌亙
booth-8578350	Lit. Kawaii particle嚗惇蝎?蝝??? AE 撌亙
booth-8580859	??桐???蝒?撌亙?單嚗銝??booth-8582921	敶梁?嚗??湛?璅⊥蝝?嚗? AE 撌亙
booth-8587788	OBS嚗??Ｘ??剁???AE ?辣
booth-8588415	VRCMeshDeformer ??VRChat嚗nity avatar 撌亙嚗? After Effects host
booth-8589261	VRChat嚗nity嚗?D 璅∪???隞塚???AE 撌亙
booth-8590882	VRChat嚗nity嚗?D 璅∪???隞塚???AE 撌亙
booth-8591244	LIQUID GENERATOR ?舐汗??HTML 蝝????剁???AE 憭????booth-7873414	Adobe IME KillSwitch ??Windows 撣賊?撌亙嚗? After Effects 憭?嚗??booth-6638311	Stream Deck After Effects ?內 PNG 蝝?嚗?撌亙
booth-8592174	Lit. Kawaii particle嚗惇蝎?蝝??? AE 撌亙
booth-8597061	VRChat嚗nity嚗?D 璅∪???隞塚???AE 撌亙
booth-8599752	Blender ?具??喉???AE host
booth-8599803	Blender ?具?喋??押嚗? AE host
booth-8600075	敶梁?嚗??湛?璅⊥蝝?嚗? AE 撌亙
booth-8600213	???極?琿?????嚗銝??booth-8603171	OBS嚗??Ｘ??剁???AE ?辣
booth-8603210	VRChat嚗nity ?賊?嚗? AE 撌亙
booth-8603672	VRChat嚗nity嚗?D 璅∪???隞塚???AE 撌亙
booth-8604242	URL 蝺刻摩撌亙嚗? AE 撌亙
booth-8604840	Lit. ?脯??芾?喋????胯?颯???撅祉?摮????? AE 撌亙
booth-8607066	VRChat嚗nity ?賊?嚗? AE 撌亙
booth-8607677	?嗡??芾摩頠?撠撌亙嚗? AE 撌亙
booth-8608237	???極?琿?????嚗銝??booth-8609193	??桐???蝒?撌亙?單嚗銝??booth-8609782	???極?琿?????嚗銝??booth-8610082	敶梁?嚗??湛?璅⊥蝝?嚗? AE 撌亙
booth-8609875	NaMaximizer ??VST3 ?喳??憭批??剁???After Effects host
booth-8610120	VRChat嚗nity嚗?D 璅∪???隞塚???AE 撌亙
booth-8610140	Photoshop嚗llustrator 撠撌亙??PSD 蝝?嚗? AE 撌亙
booth-8611641	Premiere Pro嚗fter Effects ?單??Ｘ?蟡?bundle嚗蜓閬瘛瑕?撌乩?瘚?隞塚?蝻箔??函? AE 撌亙蝭?
booth-8613865	???極?琿?????嚗銝??booth-8614456	???極?琿?????嚗銝??booth-8614479	?嗡??芾摩頠?撠撌亙嚗? AE 撌亙
booth-8615135	隤輯憭?嚗?撌脫?? Color Genius?ehancer ??BCC+ Grade 蝑敶拙極?琿???booth-8683443	AE 2026 撠隤輯憭?嚗? Windows嚗??歇?園???Color Genius?ehancer 蝑???銝像?啗??蝭???
booth-8615682	???極?琿?????嚗銝??booth-8618413	?嗡??芾摩頠?撠撌亙嚗? AE 撌亙
booth-8618941	敶梁?嚗??湛?璅⊥蝝?嚗? AE 撌亙
booth-8619108	???極?琿?????嚗銝??booth-8619572	???極?琿?????嚗銝??booth-8621631	???極?琿?????嚗銝??booth-8622580	VRChat嚗nity嚗?D 璅∪???隞塚???AE 撌亙
booth-8619469	Blender ?具?～?胯?荔???AE host
booth-8622802	???極?琿?????嚗銝??booth-8623980	敶梁?嚗??湛?璅⊥蝝?嚗? AE 撌亙
booth-8624145	???極?琿?????嚗銝??booth-8624742	???極?琿?????嚗銝??booth-8624865	???極?琿?????嚗銝??booth-8625776	VRChat嚗nity嚗?D 璅∪???隞塚???AE 撌亙
booth-8626014	敶梁?嚗??湛?璅⊥蝝?嚗? AE 撌亙
booth-8626504	?嚗隞?擃極?瑟?撖阡?蝖祇?嚗? AE 撌亙
booth-8627108	蝺拙??脩?撌亙嚗?撌脫?? Flow?ease?urveConductor 蝑???booth-8656108	?惜???銴ˊ撌亙嚗??寥???prototype ?????芸??渲牧????booth-8694935	?Ｙ?脫?????摰??餈唬?頞?booth-8065162	?脣蔗蝞∠??Ｘ嚗?撌脫?? Ray Dynamic Color 2?igment 蝑敶拙極?琿???booth-8407863	?唾?頧?MIDI 撌亙嚗蒂??After Effects 撌亙嚗?單?鋆賭??券?booth-7955064	Checkerboard ?潛??Ｙ??剁????
booth-8627879	???極?琿?????嚗銝??booth-8629198	???極?琿?????嚗銝??booth-8631107	VRChat嚗nity嚗?D 璅∪???隞塚???AE 撌亙
booth-8632019	VRChat嚗nity嚗?D 璅∪???隞塚???AE 撌亙
booth-8632415	???極?琿?????嚗銝??booth-8632916	OBS嚗??Ｘ??剁???AE ?辣
booth-8633055	TRPG嚗??????嚗? AE 撌亙
booth-8633545	?嗡??芾摩頠?撠撌亙嚗? AE 撌亙
booth-8633917	???極?琿?????嚗銝??booth-8634589	VRChat嚗nity嚗?D 璅∪???隞塚???AE 撌亙
booth-8634765	敶梁?嚗??湛?璅⊥蝝?嚗? AE 撌亙
booth-8635228	VRChat嚗nity嚗?D 璅∪???隞塚???AE 撌亙
booth-8635458	???極?琿?????嚗銝??booth-8635968	OBS嚗??Ｘ??剁???AE ?辣
booth-8636195	敶梁?嚗??湛?璅⊥蝝?嚗? AE 撌亙
booth-8636402	Photoshop嚗llustrator 撠撌亙??PSD 蝝?嚗? AE 撌亙
booth-8638296	OBS嚗??Ｘ??剁???AE ?辣
booth-8641028	敶梁?嚗??湛?璅⊥蝝?嚗? AE 撌亙
booth-8641204	TRPG ??APNG 蝝?嚗?撌亙
booth-8641393	Photoshop嚗llustrator 撠撌亙??PSD 蝝?嚗? AE 撌亙
booth-8644102	AE ?身??璅????嚗??舐蝡????單撌亙
booth-8646087	PanShot ?蝝?嚗?撌亙
booth-8646515	???極?琿?????嚗銝??booth-8648376	敶梁?嚗??湛?璅⊥蝝?嚗? AE 撌亙
booth-8647400	???舫? MOV嚗P4 敶梁?蝝????蝡?AE 撌亙
booth-8647898	?⊿??憭?嚗?撌脫?? Optical Flares?noll Light Factory ??BCC Lens Flare 蝑?摨阡???booth-8620753	蝪⊥?蝎???憭?嚗?撌脫?? Particular?tardust?articleShapes 蝑?摮極?琿??????
booth-8648751	???極?琿?????嚗銝??booth-8648765	敶梁?嚗??湛?璅⊥蝝?嚗? AE 撌亙
booth-8649281	???極?琿?????嚗銝??booth-8649527	???極?琿?????嚗銝??booth-8651159	敶梁?嚗??湛?璅⊥蝝?嚗? AE 撌亙
booth-8651648	???極?琿?????嚗銝??booth-8652066	敶梁?嚗??湛?璅⊥蝝?嚗? AE 撌亙
booth-8652752	???極?琿?????嚗銝??booth-8653385	敶梁?嚗??湛?璅⊥蝝?嚗? AE 撌亙
booth-8653832	Photoshop嚗llustrator 撠撌亙??PSD 蝝?嚗? AE 撌亙
booth-8654007	???極?琿?????嚗銝??booth-8654824	???極?琿?????嚗銝??booth-8656599	BGM嚗??蝝?嚗? AE 撌亙
booth-8656916	VRChat嚗nity嚗?D 璅∪???隞塚???AE 撌亙
booth-8656958	BGM嚗??蝝?嚗? AE 撌亙
booth-8658747	???極?琿?????嚗銝??booth-8659011	敶梁?嚗??湛?璅⊥蝝?嚗? AE 撌亙
booth-8663016	BGM嚗??蝝?嚗? AE 撌亙
booth-8665427	???極?琿?????嚗銝??booth-8668011	VRChat嚗nity嚗?D 璅∪???隞塚???AE 撌亙
booth-8668720	OBS嚗??Ｘ??剁???AE ?辣
booth-8669674	TRPG ??APNG 蝝????喋??芥蝑蝙?剁?嚗? AE 撌亙
booth-8669685	???極?琿?????嚗銝??booth-8669813	OBS嚗??Ｘ??剁???AE ?辣
booth-8671436	敶梁?嚗??湛?璅⊥蝝?嚗? AE 撌亙
booth-8671815	敶梁?嚗??湛?璅⊥蝝?嚗? AE 撌亙
booth-8672906	?Ｕ??⊿◢????胯?蝝?????嫘????嚗惇?蝝??? AE 撌亙
booth-8673986	????身嚗??身????booth-7147262	MV 蝝??身??蝝?銝
booth-8674545	敶梁?嚗??湛?璅⊥蝝?嚗? AE 撌亙
booth-8674972	???極?琿?????嚗銝??booth-8678280	???極?琿?????嚗銝??booth-8678361	敶梁?嚗??湛?璅⊥蝝?嚗? AE 撌亙
booth-8678491	VRChat嚗nity嚗?D 璅∪???隞塚???AE 撌亙
booth-8679222	瘨脤??神撟喳????急 MOV嚗EP 蝝?憟?嚗??函? AE 撌亙
booth-8680103	VRChat嚗nity嚗?D 璅∪???隞塚???AE 撌亙
booth-8680455	敶梁?嚗??湛?璅⊥蝝?嚗? AE 撌亙
booth-8680574	敶梁?嚗??湛?璅⊥蝝?嚗? AE 撌亙
booth-8681385	敶梁?嚗??湛?璅⊥蝝?嚗? AE 撌亙
booth-8681412	敶梁?嚗??湛?璅⊥蝝?嚗? AE 撌亙
booth-8681965	?嗡??芾摩頠?撠撌亙嚗? AE 撌亙
booth-8682299	OBS嚗??Ｘ??剁???AE ?辣
booth-8682549	OBS嚗??Ｘ??剁???AE ?辣
booth-8682575	???極?琿?????嚗銝??booth-8682925	敶梁?嚗??湛?璅⊥蝝?嚗? AE 撌亙
booth-8684379	敶梁?嚗??湛?璅⊥蝝?嚗? AE 撌亙
booth-8684637	Premiere Pro ?身嚗? AE 撌亙
booth-8685183	VRChat嚗nity嚗?D 璅∪???隞塚???AE 撌亙
booth-8685469	TRPG嚗??????嚗? AE 撌亙
booth-8686711	VRChat嚗nity嚗?D 璅∪???隞塚???AE 撌亙
booth-8686731	VRChat嚗nity嚗?D 璅∪???隞塚???AE 撌亙
booth-8686968	敶梁?嚗??湛?璅⊥蝝?嚗? AE 撌亙
booth-8688223	???極?琿?????嚗銝??booth-8688577	???極?琿?????嚗銝??booth-8688712	敶梁?嚗??湛?璅⊥蝝?嚗? AE 撌亙
booth-8689439	敶梁?嚗??湛?璅⊥蝝?嚗? AE 撌亙
booth-8689840	敶梁?嚗??湛?璅⊥蝝?嚗? AE 撌亙
booth-8690367	敶梁?嚗??湛?璅⊥蝝?嚗? AE 撌亙
booth-8690377	?嗡??芾摩頠?撠撌亙嚗? AE 撌亙
booth-8691043	Premiere Pro ?剁???AE 撌亙
booth-8691148	敶梁?嚗??湛?璅⊥蝝?嚗? AE 撌亙
booth-8691667	Premiere Pro 璅⊥嚗ogrt嚗???AE 撌亙
booth-8692555	敶梁?嚗??湛?璅⊥蝝?嚗? AE 撌亙
booth-8692703	???極?琿?????嚗銝??booth-8693317	VRChat嚗nity嚗?D 璅∪???隞塚???AE 撌亙
booth-8693318	OBS嚗??Ｘ??剁???AE ?辣
booth-8693330	VRChat嚗nity嚗?D 璅∪???隞塚???AE 撌亙
booth-8693374	?嗡??芾摩頠?撠撌亙嚗? AE 撌亙
booth-8693458	OBS嚗??Ｘ??剁???AE ?辣
booth-8693882	VRChat嚗nity嚗?D 璅∪???隞塚???AE 撌亙
booth-8694176	OBS嚗??Ｘ??剁???AE ?辣
booth-8695731	敶梁?嚗??湛?璅⊥蝝?嚗? AE 撌亙
booth-8696331	VRChat World Udon ??嚗? After Effects host
booth-8696385	VRChat嚗nity嚗?D 璅∪???隞塚???AE 撌亙
booth-8696574	敶梁?嚗??湛?璅⊥蝝?嚗? AE 撌亙
booth-8696818	敶梁?嚗??湛?璅⊥蝝?嚗? AE 撌亙
booth-8697419	VRChat嚗nity嚗?D 璅∪???隞塚???AE 撌亙
booth-8698144	3D 蝡?摮 Premiere Pro 蝝?嚗? After Effects 撌亙
booth-8698706	BGM嚗??蝝?嚗? AE 撌亙
booth-8699285	Illustrator 蝝??渡??Ｘ嚗惇?桐?瘚?頛嚗??賡?蝒?booth-8705398	撣貊摮?蝞∠?撌亙嚗?撌脫?? Project Font Pro?t_TextEdit 蝑???booth-8664334	????憭?嚗?撌脫?? Fast Bokeh Pro?rossphere Bokeh?CC Bokeh 蝑???booth-8705527	?餌?蝣?頧嚗?撌脫?? Voronoi Shatter 3?reak It!?hatter 蝑???booth-8618241	??嚗?????摰??餈唬?頞喃??歇?園???Light Sweep?_Streaks 蝑?蝺極?琿???booth-8603133	憸冽??箏??怠極?瘀??歇?園???AutoSway?reeze 蝑???booth-7839641	蝺拙?嚗???脫銝?銝嚗??亥?撌脫?? Flow?ewton?ay Dynamic Color 2 ??
booth-8699457	VRChat嚗nity嚗?D 璅∪???隞塚???AE 撌亙
booth-8699762	VRChat嚗nity嚗?D 璅∪???隞塚???AE 撌亙
booth-8701018	VRChat嚗nity嚗?D 璅∪???隞塚???AE 撌亙
booth-8701080	BGM嚗??蝝?嚗? AE 撌亙
booth-8701591	OBS嚗??Ｘ??剁???AE ?辣
booth-8701682	???極?琿?????嚗銝??booth-8701956	VRChat嚗nity嚗?D 璅∪???隞塚???AE 撌亙
booth-8701821	Retro Terminal Chat Widget ??StreamElements嚗BS Browser Source widget嚗? After Effects 撌亙
booth-8702003	VRChat嚗nity嚗?D 璅∪???隞塚???AE 撌亙
booth-8702049	TRPG嚗??????嚗? AE 撌亙
booth-8702440	VRChat嚗nity嚗?D 璅∪???隞塚???AE 撌亙
booth-8703129	BGM嚗??蝝?嚗? AE 撌亙
booth-8703303	VRChat嚗nity嚗?D 璅∪???隞塚???AE 撌亙
booth-8703452	OBS嚗??Ｘ??剁???AE ?辣
booth-8703459	敶梁?嚗??湛?璅⊥蝝?嚗? AE 撌亙
booth-8704551	???極?琿?????嚗銝??booth-8704625	VRChat嚗nity嚗?D 璅∪???隞塚???AE 撌亙
booth-8704564	?縑?駁08.aep ?舐?剔??AEP 璅⊥嚗??函? AE 撌亙
booth-8705410	OBS嚗??Ｘ??剁???AE ?辣
booth-8705578	OBS嚗??Ｘ??剁???AE ?辣
booth-8706159	VRChat嚗nity嚗?D 璅∪???隞塚???AE 撌亙
booth-8706531	Photoshop嚗llustrator 撠撌亙??PSD 蝝?嚗? AE 撌亙
booth-8706775	敶梁?嚗??湛?璅⊥蝝?嚗? AE 撌亙
booth-8707437	敶梁?嚗??湛?璅⊥蝝?嚗? AE 撌亙
booth-8708652	Photoshop嚗llustrator 撠撌亙??PSD 蝝?嚗? AE 撌亙
booth-8708850	敶梁?嚗??湛?璅⊥蝝?嚗? AE 撌亙
booth-8708932	VRChat嚗nity嚗?D 璅∪???隞塚???AE 撌亙
booth-8708974	Photoshop嚗llustrator 撠撌亙??PSD 蝝?嚗? AE 撌亙
booth-8709808	敶梁?嚗??湛?璅⊥蝝?嚗? AE 撌亙
booth-8710140	???極?琿?????嚗銝??booth-8710195	敶梁?嚗??湛?璅⊥蝝?嚗? AE 撌亙
booth-8710617	VRChat嚗nity嚗?D 璅∪???隞塚???AE 撌亙
booth-8710833	VRChat嚗nity嚗?D 璅∪???隞塚???AE 撌亙
booth-8710966	VRChat嚗nity嚗?D 璅∪???隞塚???AE 撌亙
booth-8711002	???極?琿?????嚗銝??booth-8711500	VRChat嚗nity嚗?D 璅∪???隞塚???AE 撌亙
booth-8711735	BGM嚗??蝝?嚗? AE 撌亙
booth-8711867	???極?琿?????嚗銝??booth-8712888	VRChat嚗nity嚗?D 璅∪???隞塚???AE 撌亙
booth-8713781	OBS嚗??Ｘ??剁???AE ?辣
booth-8713782	VRChat嚗nity嚗?D 璅∪???隞塚???AE 撌亙
booth-8716087	Palf Kawaii Bundle ?臬?????憟辣??嚗 Palf 憭??行??函??????祈澈銝誑?游??園?
boxcam	摰??蝷箏歇?嚗iscontinued嚗?middle-measure	璆萄??葫??蝵桐葉撌亙
boxer	??歇?詨??園???Box It 擃漲??嚗??箄?撓蝮格?摮?獢?breakdowns	摰?Ｗ?????舀撖衣?撖阡??隤芣?嚗?閬?銝誑?迂?葫?園?
brazu	摰??蝷箇? Copilot?ools?eyframe?arallax ??Presets ??鋆?嚗?閬?銝誑?游??園?
break-it	?箸?渡????AE ?批遣 Shatter?C Pixel Polly 蝑???桅?摨阡?銴?breeze	摰隤芣???蝔勗遣蝡郭瘚芸??恬?????郭瘚迎??箏?撌亙??銝撩銋誨銵冽批榆??candlecharts-ae	??????K 蝺?鋆賭?嚗蝙?冽?憓??澆???carousel-xpress	頛芣??嚗楝敺????賢?撌脫?? Circle Rig Pro 蝑極?琿?摨阡?銴?centermasks	???桃蔗?蝵桐葉嚗??賜???蝒?隞?”?找?頞?handycam	?歇?園???Camera 3D Toolkit Pro嚗E 3D RIG 蝑?敶望????嗅極?琿?摨阡?銴?hyle	摰??蝔勗?芸???AE 隞餃?嚗撩銋雲隞交?蝣箸?餈啣擃??賜???隤芣?
brevidy	Premiere Pro 撠蝷曄黎敶梁? AI 撌亙嚗??舀 After Effects
buena-depth-cue	憟辣?找誨銵冽批極?瑕歇???園???third-party.jsonl嚗??啣?憟?????buena-depth-cue-render-only	Buena Depth Cue ??剔???甈?銝?函?憭??Ｗ?
burst-box	銝甈⊿??? burst ?蝝???嚗惇?ˊ????撌亙
c4d2hou	Cinema 4D ??Houdini ???亙極?瘀?銝??After Effects
c4d-viewport-colors	Cinema 4D 撠閬?憿?單嚗??舀 After Effects
canvas-360pro	摰?Ｗ?????舀撖衣?撖阡??隤芣?嚗?閬?銝誑?迂?葫?園?
canvas-stk	摰璅內撌脣???canvasflow-for-davinci-resolve	DaVinci Resolve 撠蝜芰憸冽憭?嚗??舀 After Effects
caption-cat-for-davinci-resolve	DaVinci Resolve 撠
captionconverter	FxFactory ????蝷箇 macOS standalone app嚗底蝝?host ?? Final Cut Pro嚗? After Effects plugin
cartoon-bubble	Photoshop ?具??押?扎嚗? AE host嚗??芣??mate-for-premiere	Premiere Pro 撠嚗???After Effects 撌亙
cauldron	???Ｗ??? Manuscript ?辣?芸? Premiere Pro 2020+嚗??賣?寞活?Ｙ? sequences嚗???After Effects host 霅?嚗?撠?璅??仿?
cavalry-asset-library	Cavalry 撠鞈摨怠極?瘀?銝??After Effects
cavalry-importer	摰璅內撌脣???celwizard-frame-by-frame-library	320 憭??????澈嚗惇蝝???撌亙
centrum	摰璅內撌脣???chain-and-sprockets	摰璅內撌脣???characteristic	摰璅內撌脣??殷?銝血遣霅唳??Font Manager
chameleon	摰?Ｗ???蝣箸?蝷?discontinued嚗o Longer Available嚗惇撌脣??桀極??ae-benchmark	摰?Ｗ?????舀撖衣?撖阡??隤芣?嚗?閬?銝誑?迂?葫?園?
change-it-for-premiere-pro	Premiere Pro 撠
chat-video-pro	摰?Ｗ?????舀撖衣?撖阡??隤芣?嚗?閬?銝誑?迂?葫?園?
chromadrift-for-davinci-resolve	DaVinci Resolve 撠 DCTL嚗??舀 After Effects
chromatic-aberration-for-fcpx	Final Cut Pro X 撠憭?嚗??舀 After Effects
chrome-bar-wipes	Final Cut Pro X 撠頧嚗??舀 After Effects
chrome-rings-3d	Final Cut Pro X 撠頧嚗??舀 After Effects
chubs	?桐???摮?蝝?嚗??舫 AE 憭???砍極??chump-nft-engine	??潛??NFT ????metadata嚗??賡??澆??曆?????AE 撌乩?瘚?瘙?cinebrush-for-davinci-resolve	DaVinci Resolve 撠蝜芰憸冽憭?嚗??舀 After Effects
ci-master-thumbnailer	?歇?園???Batch Shot ?寞活?Ｙ??????葬???賡?摨阡?銴?ci-move-anchor	?歇?園???Move Anchor Point ?券???雿??賡?摨阡?銴?coco-color-coworker	摰??蝔梯敶拙??蝻箔?頞喃誑皞Ⅱ?膩撖阡???牧??command-frame	?歇?園???FX Console?each Pro?Bar 蝑隞斗?撠?敹急?Ｘ擃漲??
cinema-4d-shortcut-icons	Cinema 4D ??Stream Deck嚗oupedeck ?內蝝???銝??After Effects
cinematch	FilmConvert 摰憭????Premiere Pro嚗inal Cut Pro嚗閬?After Effects ?舀
circle-align	撌脣???AviUtl Circle Align ???賣??殷?銝?銴憓?colorful-style-pack-for-animation-composer	摰璅內撌脣??殷?銝惇 Animation Composer 璅??蝝???colortwist-for-davinci-resolve	DaVinci Resolve 撠 DCTL 憟?嚗??舀 After Effects
circusmonkey	3D ????嚗?撌脫?? TypeMonkey嚗ypeMonkey 3D ??
claude-scripter	AI ?單?拇?嚗?撌脫?? AE GPT嚗irAI ??
clips-exporter	摰?詨捆?批???Premiere Pro嚗??賣??Premiere ??頠貊?畾菟??寞活頛詨嚗蒂??After Effects 撌亙
coati	璆萄??極?瘀??寧征?拐辣??皞偕撖賂?
coco-color-wheel	撅?Coco Color CoWorker ??鞎駁?憟頛迎??詨??蝞∠??撌脩 CoWorker 璇瘨菔?
Color-Genius-App	摰?Ｗ?蝝Ｗ??內??Color Genius standalone app嚗fter Effects 憭???Color Genius 撌脣?迤撘???pv-feather	摰?Ｗ?蝝Ｗ??內 DISCONTINUED嚗??園??撌亙
color-shift	瞍詨惜?脣蔗??撠??歇?園???ColorVSN ???
colorswap	憿???踵?嚗?撌脫?? ColorFlow嚗olor Llama ??
composite-brush-unreal	摰璅內撌脣???compositioneer-dctl	DaVinci Resolve Studio 撠瑽? DCTL嚗??舀 After Effects
comp-replicator	CSV ?寞活????嚗?撌脫?? Universal Template AutoFill ??
compression-typeface	?桐???摮?蝝?嚗??舫 AE 憭???砍極??concept-buddy	摰璅內撌脣???contextlab	摰隤芣??迂敶梁??芾摩撌亙嚗?Ⅱ璅內?舀 After Effects嚗銝??corridorkey-by-blace-ai	撌脫? CorridorKey嚗????啣??啁???????create-duplicator-sequence-for-cavalry	Cavalry 撠??摨?撌亙嚗??舀 After Effects
compsfromspreadsheet	閰衣?銵冽?????穿??歇?園???Universal Template AutoFill ??
conform-studio	?歇?園???AEPipeline 蝑?VFX ??????瘚??芸??極?琿?摨阡?銴?create-pivotal-null	?歇?園???Power Null嚗ove Anchor Point 撱箇??批 Null ??蝝矽?渡??摨阡?銴?deepclear	?歇?園???Neural Enhancement Suite嚗learPlus 敶梁?憓撥???芾?撠??孵??擃漲??
control-groups	?惜蝢斤??蝐歹??歇?園???Free Compose嚗orkflower ??
control-suite	摰?隞颱??隤芣?
copy-pasta	摰??璇隤芣?撌脫?蝷箏??殷?銝嚗??園? discontinued ?Ｗ?
copy-paste-mattes	摰??璇隤芣?撌脫?蝷箏??殷?銝嚗??園? discontinued ?Ｗ?
corner-cutters	摰??璇隤芣?撌脫?蝷箏??殷?銝嚗??園? discontinued ?Ｗ?
credits-roller	?偏摮?嚗?撌脫?? JustScrollit ??
cropdragon	Premiere Pro 撠鋆?撌亙嚗??舀 After Effects
crossphere-bokeh-render-only	Crossphere Bokeh ??剔???甈?銝?函?憭??Ｗ?
crt-for-davinci-resolve	DaVinci Resolve 撠 CRT 憭?嚗??舀 After Effects
crt-tv-emulator	CRT ?餉?鞈芣??歇?園???CRTX嚗imeMachine ??
crtx-lite	撌脫??CRTX 摰??Lite ?箏??Ｗ?蝪∪???thesaucecode	ASCII ???歇?園???RXXR ??嚗???臬 PNG 摨??????easify-pro	摰??蝷箇 Premiere Pro ?蝺楊頛臬
custom-buttons-for-c4d	Cinema 4D 撠??撌亙嚗??舀 After Effects
cuttana-illustrator	Illustrator 撠???撌亙嚗??舀 After Effects
cycore-cc-time-blend	摰??璅內??obsolete嚗歇銝??箇?冽???殷??芯???獢???身頛
cycore-cc-time-blend-fx	摰??璅內??obsolete嚗歇銝??箇?冽???殷??芯???獢???身頛
dagger	???Ｗ????Premiere Pro 2020+嚗??賣??????video嚗udio effects嚗???After Effects host 霅?嚗?撠?璅??仿?
data-damage-animated-typeface	?桐???摮?蝝?嚗??舫 AE 憭???砍極??data-glitch	撌脫? third-party.jsonl嚗????啣? aescripts 撣?????data-glitch-render-only	Data Glitch 2 ??剔???甈?銝?函?憭??Ｗ?
data-storyteller	撌脫? third-party.jsonl嚗????啣? aescripts 撣?????davinci-resolve-pro-profiles	DaVinci Resolve ??Stream Deck嚗ouch Portal 閮剖?瑼??內蝝???davinci-resolve-shortcut-icons	DaVinci Resolve ?翰?瑕?蝷箄?閮剖?瑼???
decasteljau-bezier-curve	摰璅內撌脣???depth-scanner-lite	撌脫???渡? Depth Scanner 2嚗????啣?蝎曄陛??diffusion-glow-for-davinci-resolve	DaVinci Resolve嚗usion 撠憭?嚗??舀 After Effects
decimalcounter	FxFactory ??????After Effects 雿?蝷?This product is no longer available嚗惇?撌亙
declutter	撠??Ｘ?渡?嚗?撌脫?? Root嚗roject Doctor ??
depth-glow	?亦?Ⅱ摰?Ｗ?????aescripts 銝嚗?han-motion-type	????身???極?瑟頨?motion-reaction-2	?亦?Ⅱ摰?Ｗ?????aescripts 銝嚗?spectrum	?亦?Ⅱ摰?Ｗ?????aescripts 銝嚗?jerrysfx	?單?蝝?摨恬??極?瑟頨?jerryflow	蝺拙??脩??身嚗?撌脫?? Kease嚗otion Tools Pro ??
digit-fiddler	?詨?閮?剁??歇?園???Number Maker ??
dither-for-davinci-resolve	DaVinci Resolve 撠 DCTL嚗??舀 After Effects
dither-pusher-photoshop-plugin	Photoshop 撠憭?嚗??舀 After Effects
divide-and-corner	?歇?園???Cut'n'Pack嚗lice It Up ?惜??鞎潛??摨阡?銴?dupli-kit	?歇?園???Array?Cloner Pro?loners + Effectors 蝑?撅方?敺?鋆賢極?琿?摨阡?銴?easy-arrows	?歇?園???Align To Path ?耦瘝輯楝敺????賡?摨阡?銴?easy-rounder	?歇?園???LaPath?mooth Rounder?quare Peg 蝑耦???撌亙擃漲??
dojo-scripting-utility	摰璅內撌脣???dojo-text-generator	摰璅內撌脣??殷?銝血遣霅唳??MonkeyWords
doppler	?? macOS嚗??芸?甇乩葡瘚璅???頠豢?曄???撟喳????潔噸??dot-pixels	撌脫? third-party.jsonl嚗????啣? aescripts 撣?????dot-pixels-render-only	Dot Pixels ??剔???甈?銝?函?憭??Ｗ?
drag-zoom-pro-for-adobe-premiere-pro	Premiere Pro 撠?嚗????園?
dreamferry	Premiere Pro 撠 AI ??撌亙嚗??舀 After Effects
duckflow	??Windows ?舐?頂蝯梢閮?ducking 撌亙嚗??湔?? AE 撠??唾????fog	?扼?撣??????質??Ｘ? Fractal Noise 3D?rate's Godrays?_Rays 蝑極?琿?摨阡?銴?fixel-alce	撅?典?瘥?撘瑞??撌脫?? ContrastUp 擃漲??
duplicate-it	Premiere Pro 撠摨?銴ˊ撌亙嚗??舀 After Effects
dust-transition-for-davinci-resolve	DaVinci Resolve嚗usion 撠蝎?頧嚗??舀 After Effects
dynamic-line-chart	摰璅內撌脣??殷?銝血遣霅唳??Graph Master
dynamic-textbox	??歇?詨??園???Box It 擃漲??嚗??箄?撓蝮格?摮?獢?easy-pie-chart	摰璅內撌脣???easy-slide-show	摰璅內撌脣???ebberts-zucker-variety-pack	憟???Rubberize It?odeKit?ind?eatnik 蝑撌亙????隡?ebook-motion-graphics-in-after-effects-that-speaks-to-your-brain	?祥?餃??賂??飛?批捆嚗???AE 憭???砍極??edgy-style-pack-for-animation-composer	摰璅內撌脣??殷?銝惇 Animation Composer 璅??蝝???efx-ab-compare	摰??蝷箔??詨捆 CS6 隞乩??嚗歇銝?函隞?AE
easify	?頂?? Easify 3 Pro 摰??蝷箇 Premiere Pro 撌亙嚗???AE ?舀?瘜?賢?摰?Ⅱ隤?rubberize-it	??嚗屆???抒???歇?園???Soft Flow ??
easy-comp	AI ?脣蔗?寥?嚗?撌脫?? AI Color Match ??
easyshape-fx	摰??蝔勗銝?萄???cool effects嚗撩銋雲隞交?蝣箸?餈啣祕???賜?隤芣?
effections	RE:Vision Effects 憟????撌亙撌脣???隡?pv-feather	RE:Vision Effects 摰 AE ?Ｗ?蝝Ｗ??內撌脣???mv-convert	??潭? 32-bit 瘚桅?????頧? RE:Vision 撠?澆?嚗極雿??撠?銝扔撠
effections	摰?Ｗ?蝝Ｗ??內??bundled collections嚗惇憟????桐? After Effects 撌亙
eff-it	Digital Anarchy 摰銝???蝷?Premiere Pro only嚗??舀 After Effects
efx-chromatic-aberration	?頂????歇?內銝摰?CS6 隞乩?嚗??寥?銋???曆誨 AE ?詨捆鞈?
efx-hdri-comp	摰??蝷箔??詨捆 CS6 隞乩??嚗歇銝?函隞?AE
efx-keying-alpha-free	摰憟辣??甈曉?鞎餌移蝪∠?嚗??憟辣??銝隞?AE ?詨捆鞈?銝雲
efx-keying-alpha-plugin-suite	?? EFX 憟辣嚗??寥??芣?靘隞?AE ?詨捆鞈?嚗銝??efx-render-elements-free	摰??蝷箔??詨捆 CS6 隞乩??嚗歇銝?函隞?AE
efx-render-elements-plugin-suite	?? EFX 憟辣嚗??寥??芣?靘隞?AE ?詨捆鞈?嚗銝??efx-render-elements-z-depth-tools	?? EFX 蝟餃?撌亙嚗??寥??芣?靘隞?AE ?詨捆鞈?嚗銝??efx-uniqueness	摰璅內撌脣??桐?銝摰?CS6 隞乩??
element-3d	撌脫? third-party.jsonl嚗????啣? aescripts 撣?????emoji-library	隞?9000 憭?emoji ?箸敹?蝝?摨恬?靘?蝭??嗥?蝝?嚗?蝷箏澈
elementary	摰??蝐絞?膩?游? 3D 憭???撅歹?蝻箔??舀撖衣??琿??蝭?
emojikit	?? emoji 蝝?摨恬?撅祉??????撌亙
essential-sound-effects-for-animation-composer	摰璅內撌脣??殷?銝惇?單?蝝???essential-typography	摰璅內撌脣??殷?銝惇??蝝???events	摰隤芣??芣?蝣箸?蝷箸??After Effects嚗???蝡?擃?憿??思??園?
export-to-bytes	摰璅內撌脣???exportforclient	摰璅內撌脣???exportfoundry	Premiere Pro 撠?寞活頛詨撌亙嚗??舀 After Effects
exposure	隞亙辣?瑕極雿?鞈粹?箇蝚?餈堆?瘝??舀撖衣?撖阡? AE ?
expression-toolbox	摰璅內撌脣??殷?銝血遣霅唳??AEVIEWER ??expression preset ?
extended-coffee-break	?餅?憓?蝞????蝚極?瘀?瘝?撖阡???孵?extrudalizer	摰?Ｗ?????舀撖衣?撖阡??隤芣?嚗?閬?銝誑?迂?葫?園?
extrude-for-davinci-resolve	DaVinci Resolve 撠 DCTL嚗??舀 After Effects
facebuilder-for-blender	摰?Ｗ???摰 Blender add-on嚗???After Effects host
face-swapper	?歇?園???Blace嚗CC+ Face ML 蝑?GPU ??ML ??踵?撌亙擃漲??
facetracker-for-blender	摰?Ｗ???摰 Blender add-on嚗???After Effects host
facetracker-for-nuke	摰?Ｗ???蝷箇 Foundry Nuke plugin node嚗???After Effects host
fader-dctl	DaVinci Resolve 撠 DCTL嚗??舀 After Effects
fade-up-rtl	銝餉?閫?捱?孵? RTL嚗TR 憭?????瘛∪?瘙??拍蝭??撠
farabi-ligature-type-animation-tool	?孵?瘜Ｘ嚗?摩隤???????撅祈?蝟餌????券??澆???fast-bokeh	撌脫??Fast Bokeh Pro ??third-party.jsonl嚗????啣?撣?????fast-bokeh-openfx	OpenFX嚗esolve嚗usion 撠?嚗??舀 After Effects
fast-bokeh-pro-openfx	摰璅內??Fusion嚗esolve 蝑?OpenFX host 撠嚗???After Effects ?
fast-bokeh-render-only	Fast Bokeh Pro ??剔???甈?銝?函?憭??Ｗ?
fast-hsb-color	璆萄????脣?撌亙嚗??質?撌脫?? ColorFlow ??
fast-renamer	?歇?園???AE Global Renamer ?寞活??賢??惜?擃漲??
fast-spline-connector	Cinema 4D 撠 spline 撌亙嚗??舀 After Effects
faux-dolly-zoom-for-fcpx	Final Cut Pro X 撠??嚗??舀 After Effects
fcp-lower-thirds-toolkit	摰璅內撌脣??殷?銝 Final Cut Pro 撠
fcp-titles-toolkit	Final Cut Pro X 撠璅????渡???嚗??舀 After Effects
feedback-pro	Premiere Pro 撠?????祉恣?極?瘀?銝??After Effects
fig2ai	Illustrator ??Figma 銋????亙極?瘀?銝??After Effects
file-hunter	摰??蝷箏歇?嚗蒂???寧撌脫?? QuickLink Items
file-sequence-exporter-for-cinema-4d	Cinema 4D 撠? 3D 瑼?頛詨撌亙嚗??舀 After Effects
file-to-binary-converter	摰璅內撌脣???filmmakers-transitions	摰璅內撌脣??殷?銝惇頧蝝???filmstro-pro	Premiere Pro 撠??撌亙嚗??舀 After Effects
filmtransitions	FxFactory ??????After Effects 雿?蝷?This product is no longer available嚗惇?撌亙
final-cut-pro-x-shortcut-icons	Final Cut Pro X ?翰?瑕?蝷箄? Stream Deck嚗ouch Portal 閮剖?瑼???
find-my-aep	? macOS Finder 憿舐內?桀? AEP 瑼?嚗??賡?摨血銝銝像?啣???force-auto-save	?歇?園???Auto Savior?w-Autosaver?uto Backup ?芸??脣???隞賢??賡?摨阡?銴?fade-it	瘜瘛∪瘛∪頧??嚗?鞈?摨急?之???渲??撌亙擃漲??
firestarter	Premiere Pro 撠撠??渡?撌亙嚗??舀 After Effects
fireworks	摰?Ｗ??? Works in ?? Final Cut Pro嚗???After Effects ?舀
fixel-contrastica	摰?Ｗ?????舀撖衣?撖阡??隤芣?嚗?閬?銝誑?迂?葫?園?
fixel-contrastica-pr	Premiere Pro ?銝??寥??∪??質牧??銝??AE ?園??瘙?fixel-contrastica-ps	Photoshop ?銝??寥??∪??質牧??銝??After Effects
fixel-detailizer	摰?Ｗ?????舀撖衣?撖阡??隤芣?嚗?閬?銝誑?迂?葫?園?
fixel-detailizer-pr	Premiere Pro ?銝??寥??∪??質牧??銝??AE ?園??瘙?fixel-detailizer-ps	Photoshop ?銝??寥??∪??質牧??銝??After Effects
fixel-zone-selector-1-ps	Photoshop 撠?漲?桃蔗撌亙嚗??舀 After Effects
flapfont	?桐???摮?蝝?嚗??舫 AE 憭???砍極??flash-buffer-pro	Cinema 4D 撠 Object Buffer 蝞∠?撌亙嚗??舀 After Effects
flex-gui-pro	???恐蝔?v7.0.1嚗? Adobe Exchange 隞 v3.1.0嚗??祈撌桀之銝??????嚗?甇Ｗ極雿??嚗銵??賜???蝬剛風???銝?湛??思??園?
flexiglass-for-davinci-resolve	DaVinci Resolve 撠憭?嚗??舀 After Effects
fleximist-diffusion-plugin-for-davinci-resolve	DaVinci Resolve 撠憭?嚗?摰??舀撖西牧??floating-license-server	??隡箸??典???銝?函? AE ?隤芣?嚗??臬????極??fluxion-warp	撌脫? Fluxion 璇??variants嚗????啣??頂?蔣??脩???font-previewer	???摰??Font Manager嚗ontShaper 摮?撌乩?瘚?摨阡???銝?憓??函??汗?冽???font-previewer-lite	Font Previewer ?移蝪∠?嚗????園?
fold	摰?Ｗ?????Page not found嚗銵??寡???頞喃誑?詨祕 After Effects ?????geode	摰?Ｗ?????Page not found嚗銵??寡???頞喃誑?詨祕 After Effects ?????hawaikianalyzer	摰?Ｗ???蝷?This product is no longer available嚗??曇??舀?極??hawaikiautograde	摰?Ｗ???蝷?This product is no longer available嚗??曇??舀?極??hawaikiautomatch	摰?Ｗ???蝷?This product is no longer available嚗??曇??舀?極??hawaikikeyer4	摰??蝷箏歇???啁? Hawaiki Keyer 5嚗?銵??祈??????
fontmixer	摮??蔥撌亙嚗? AE 敶勗??銝扔撠
font-styles-library	?桃??脣?摮?璅????選??詨??券歇??Font Manager 憿極?瑟項??fontlist-plus	摰璅內撌脣???footage-looper	Premiere Pro 撠蝝?敺芰撌亙嚗??舀 After Effects
fraction	?遣蝡???敶Ｗ??耦嚗E ?? Shape Layer 撌脣?湔摰?銝??賡?摨血銝
frankenstein	?桃???AI ??嚗??質◤ Copy Face嚗acePro 瘨菔?
freeform-pro	撌脫? Mettle FreeForm Pro嚗????啣? aescripts 撣?????fs-texture-palette	?鼓??嚗?????敶Ｙ?蝝???嚗惇蝝???撌亙
frischluft-flair	摰? 8 ?蝡???憟?嚗?隞?bundle ?血遣銝蝑??誨銵冽抒????撌脣????frischluft-flair-glow	??之???Glow嚗loom 璇擃漲??嚗??孵榆?唬?頞喃誑敶Ｘ??啁????券?frischluft-flair-radial-blur	???Adobe Radial Blur?C Radial Blur 蝑???桅?摨阡?銴??撌格芋撘?頞喃誑?踹???蝯???
ft-effect-instance	摰璅內撌脣???ft-filmic-contrast	銝狡隤輯憭???鋆?嚗?閬??閰摯???園? bundle
ft-lens-distortion	??歇?園???VFX Suite Lens Distortion?ptics Compensation 蝑?摨阡?銴?ft-markerexporter	摰璅內撌脣???ft-toolbar	摰撌?sunset 銝血遣霅唳??KBar
fx-gradient	?歇?園???proGradient ??憭?瞍詨惜????嗅??賡?摨阡?銴?genome	?歇?園???Array?Cloner Pro?loners + Effectors 蝑?鋆賢撌亙擃漲??
fx-grainny-dctl	DaVinci Resolve Studio 撠 DCTL嚗??舀 After Effects
fx-launcher-pro	Premiere Pro 撠?????剁?銝??After Effects
fx-oscillograph-dctl	DaVinci Resolve Studio 撠 DCTL嚗??舀 After Effects
fx-remix-dctl	DaVinci Resolve 撠 DCTL嚗??舀 After Effects
fx-texturator-800-dctl	DaVinci Resolve 撠 DCTL ??鞈芷???銝??After Effects
fx-trippy-dctl	DaVinci Resolve Studio 撠 DCTL嚗??舀 After Effects
gaussian-splatting-for-davinci-resolve	DaVinci Resolve 撠 Gaussian Splatting 撌亙嚗??舀 After Effects
gaussian-splatting-for-nuke	?? slug ??蝔望???Nuke嚗??寞?閬隤文神 After Effects嚗?皞?閮??暹??思??園?
genbridge	摰?Ｗ?????舀撖衣?撖阡??隤芣?嚗?閬?銝誑?迂?葫?園?
geolayersmapdata	GEOlayers 3 ??Mapdata 閮??嚗??舐蝡?AE 撌亙
geolayersmapdata-upfront	?? GEOlayers Mapdata 閮??隞獢?銝?函?撌亙
geotracker-for-blender	摰?Ｗ???摰 Blender add-on嚗???After Effects host
get-sh-t-done	摰隤芣??迂?虜閬郊撽???甇伐?蝻箔??舀撖衣??琿??嚗銝??ghostscan-photoshop-extension	Photoshop 撠撱嗡撓憟辣嚗??舀 After Effects
glitch-control	瘜璅∠???????撌脫?? Data Glitch?PUDog Pro 蝑極?琿?摨阡?銴?gotype	瘜???撌亙?歇?園???TextEvo 2?ype Anarchy?ypeMonkey 蝑?摨阡?銴?gpuresize	GPU 敶勗??潭憭扯?撌脫?? ScaleUp嚗eural Enhancement Suite 擃漲??
glitcher-transitions	Final Cut Pro X 撠頧嚗??舀 After Effects
glitch-preset-pack-for-transition-master	Transition Master ??glitch ?身??撅祉????身???函?撌亙
glitch-vandalizer-photoshop-plugin	Photoshop 撠憭?嚗??舀 After Effects
goodboy-ninja-kangaroo	Good Boy Ninja ??鋆賣??極?瘀??歇?園???React嚗elativity ??
grabdrop	銝?靘???甈??????粹???菜??慦?銝????園?
gradient8	憭?瞍詨惜嚗?撌脫?? proGradient嚗atuRamp ??
gradino	?桐???摮?蝝?嚗??舫 AE 憭???砍極??graph-master-free	Graph Master ??鞎餌移蝪∠?嚗????渡????園?
grid-composer	?歇?園???Grid Builder嚗dvanced Composition Grids ???
gridgen	蝔??雯?潘??歇?園???Grid Builder嚗eka Grid ??
gridguide-for-after-effects	??歇?園???Advanced Composition Grids 擃漲??嚗????蝬脫????
gridtrend	蝬脫?嚗?撌脫?? Grid Builder嚗eka Grid ??
grungeeffects	摰??? After Effects嚗??批捆銝駁???overlays 蝝???銝撩銋雲憭??函?撌亙?隤芣?嚗?蝝????閬??仿?
guides	??撱箇??恣???質?撌脫?? Advanced Composition Grids嚗rid Builder 擃漲??
guidesup	??歇?園???Guides嚗dvanced Composition Grids 擃漲??嚗?隞亙??????Ｙ雯?潛?詨?
gumroad-corekitpro	CoreKit Pro 3 ?暺?朣???扎?閮剛?撠??渡?撌脩?Ｘ?撠撌亙???極雿?蝔?踵項??40 憭?撌亙?芸耦?雲憭?寧??詨??賢?
gumroad-denjd	?芸?隡貊葬??獢????券歇??TextDuratifier?ins & Boxes ??Type 瘨菔?嚗??賢榆?唬?頞喃誑?血遣 FX TextFrame 璇
gumroad-easy-connect	?????惜?悌?准?蝺?頝臬?餈質馱?券歇??Connect Layers PRO ??NodeKit 瘨菔?嚗??耦???撠??gumroad-ytarj	????PathPrep 撌脣? aescripts 摰?Ｗ????銝? Gumroad ?銝???寡痔?桅???撱箸?
gumroad-jvfrb	Apex Control Pro ??Wiggle??暺暺ounce ??Loop 銵券?撘?????選?雿???舀?極?瑕??項??撣貉??
gumroad-keyframebuddy	敹恍撅扎??亙虜?典惇?折??萄蔣?潸?靘?蝐日???券歇??Keyframe Manager 蝑???萄蔣?澆極?瑟項??gumroad-qtp3	FX Search??獢?????暺極?瑕歇??Quick Menu 3?ommand Frame?X Console ??極雿?蝔?踵項??gumroad-visualstates	????Visual States 撌脣? aescripts 摰?Ｗ????銝? Gumroad ??PRO 鞎拙??銴遣瑼?booth-8040283	CleanLayer ?芣?靘甈∠宏?斗??詨惜??Expressions ??Effects嚗??Effect Remover Pro ????獢??極?瑕??賣摰
gumroad-motion-ui	Motion UI 撠?閮准楨??摮雯?潦耦????極?琿?????Ｘ嚗??詨??賢?撌脫??游??????殷??思????園?
gumroad-scriptlauncher	?舀?撠?蒂?瑁? JSX嚗SXBIN ????輯??Ｘ? Tool Launcher 擃漲??嚗???舀?賭誘????閮剛??舀?閮剖?
gumroad-shy-filters-after-effects-script	靘?Shy??撅日??摮?靽???撅祆抒祟?詨?撅斤??撌脩 Layer Displayer ?摰??Shy Bar 瘨菔?
gumroad-siuajq	WordFlow ??摮??????桀?嚗???摨??恬???DecomposeText?extExploder?ext Split and Animate 蝑???桅?摨阡???gumroad-subtitleanimator	SubTitle Animator ??SRT ?臬??撟脣?撌脩 motionXpart?t_ImportSubtitles?aptioneer ???撟極?瑟項??gumroad-messctrl	MessCtrl ??文隞文?????撠?撌亙???詨?撌脩 Quick Menu 3?ommand Frame?X Console 瘨菔?嚗????Ｙ汗銝雲隞仿?擃?銴?gumroad-quickwiggle	Quick Wiggle ?芣雿蔭??頧葬?曇???摨血??亙??wiggle ??撘????銝歇?之??蝞??璈??怠極??booth-7763648	Japanese_manuscript_paper ???銝?阮蝝蝺◢?潘?雿輻????嚗??舐 AE ?? Shape嚗rid 撌乩?瘚翰??撱?payhip-after-toolkit	After Toolkit ?桀??芾蝣箄? Payhip ??擐??極?瑞?璁膩嚗撩撠蝛拙?撘?蝡???雲憭??賜敦蝭嚗銝遣蝡???
halfline-for-illustrator	Illustrator 撠?隤選??撌亙嚗??舀 After Effects
halftone-for-davinci-resolve	DaVinci Resolve 撠 DCTL嚗??舀 After Effects
hand-drawn-stuff	摰璅內撌脣??殷?銝惇?鼓蝝???handy-particles-pro	摰?Ｗ?????舀撖衣?撖阡??隤芣?嚗?閬?銝誑?迂?葫?園?
hawaikianalyzer	摰?Ｗ???蝷?This product is no longer available嚗??曇??舀?極??hawaikiautograde	摰?Ｗ???蝷?This product is no longer available嚗??曇??舀?極??hawaikiautomatch	摰?Ｗ???蝷?This product is no longer available嚗??曇??舀?極??hawaikikeyer4	摰??蝷箏歇???啁? Hawaiki Keyer 5嚗?銵??祈??????
head-rig	摰璅內撌脣???hedcut-pro-for-davinci-resolve	DaVinci Resolve 撠 Hedcut嚗??餅???銝??After Effects
head-to-line	蝞剝?嚗?撌脫?? Volna嚗撱箇悌?哨???
hej-stylus	?? macOS ??撖怎??批撌亙嚗像?啗??券??潔噸??helium	摰?Ｗ?????舀撖衣?撖阡??隤芣?嚗?閬?銝誑?迂?葫?園?
hextractor	敺?撅斗?脩巨嚗?撌脫?? ColorFlow ??
hidden-layer-cleanser	??歇?詨???CI Layer Stripper 擃漲??嚗?蝘駁?梯???典?撅?hover	??歇?詨???CursorKit 擃漲??嚗?撱箇?皜豢?????????hypernova-animated-typeface	?桐???摮?蝝?嚗??舫 AE 憭???砍極??icon-library	隞?86000 憭?蝷箄? emoji ?箸敹?蝝?摨恬?靘?蝭??嗥?蝝?嚗?蝷箏澈
i-ate-mushrooms	AI ????嚗?撌脫?? Diffusae ??
icondock	隞亙之??蝷箸?撠??臬?箸敹?蝝?摨恬?靘?蝭??嗅?蝷箇??澈
iconic-style-pack-for-animation-composer	摰璅內撌脣??殷?銝惇 Animation Composer 璅??蝝???illustrator-shortcut-icons	Illustrator ??Stream Deck嚗ouch Portal ?內?身摰?蝝???infocharts-creator	摰璅內撌脣??桐蒂??Infographics Toolkit ?誨
icon-mason	Illustrator 撠 IconJar 撌亙嚗??舀 After Effects
ignition-post-package-exporter	Adobe Exchange ??Idonix ??隤芣???? 2018嚗???1.0.2 ??渲? AE 銝誨嚗惇 legacy嚗雁霅瑚?頞喟?撠?????maya-live-link	Adobe Exchange ???v1.0.5 ?? AE 25.9嚗?026 雿輻??甈∪???AE 2026 銝摰對????賣?蝣箔?銝泵?隞???祆?湔?皞?llm-assistant-premiere-after-effects	Adobe Exchange ??project-context LLM?avaScript expressions ???砍?蝑??踝????Motionist AI Assistant ??JSX?xpressions???怨? quick actions 擃漲??嚗?雲憭蝡??賣?雿??蝡???motion-array-extension	?????箄??勗?蝝??芋?踴reset ??music library ??Adobe panel嚗egacy plugin pack 撌脤隡蒂?寧 Library Extension ?誨嚗惇蝝?嚗undle workflow ???函? AE 撌亙
infographics-toolkit	摰璅內撌脣???instant-assets-versioning-for-premiere-pro	Premiere Pro 撠蝝????撌亙嚗??舀 After Effects
inout	璆萄??脣?游??怠極?瘀??????怠極?琿???subtitle-pro	摮?鋆賭?嚗?撌脫?? Captioneer嚗utoCaption ??
intellifolders	摰璅內撌脣???introduction-to-after-effects-scripting-video-course	敶梁??飛隤脩?嚗???AE 憭???砍極??isolate	摰璅內撌脣???isolate-tools-for-cinema-4d	Cinema 4D 撠銝??寥??∪?詨祕隤芣?嚗??舀 After Effects
jet-by-clinch	?芣? Adobe Exchange marketplace listing ?舀撖佗??芣?啣??Clinch ???Ｗ?嚗?隞園?嚗??券?撠? DCO嚗TML5 撱??璅⊥ workflow嚗銝??motionx	Adobe Exchange 閰???1.0嚗? 銝? 2025 撟渡瘜蝙?典??梧??詨?靘陷憭 .motionx templates嚗ackages嚗?鞈芾??函?撌亙?找?頞喉??思??園?
karton	????摨?嚗?撌脫?? Boundary Fill ??
kashida-pro	?踵?隡?瘜Ｘ/??賣???撌亙嚗?銝剜?雿輻???澆???gradient-lab	瞍詨惜璅⊥????歇?園???proGradient / GradientHub ??
keyfast	摰隤芣??迂?亙虜撌亙??嚗撩銋?詨祕?擃??踝??思??園?
keymix	摰璅內撌脣???kiona-animated-typeface	?桐???摮?蝝?嚗??舫 AE 憭???砍極??klutz-gpt	摰隞乓?銝??餈啣 AI 撖怨?砍??踝??釭??撖血?找?頞單?銝??koji-color	撣?撌脖??痔?桐?閬??孵?????嚗????銝????蝥雁霅瑚?皞?kurulumun	Cinema 4D 撠 Python spline 憭?嚗??舀 After Effects
key-visibility-for-cinema-4d	Cinema 4D 撠?航?摨血??怠極?瘀?銝??After Effects
kuwahara-dctl	DaVinci Resolve 撠 DCTL嚗??舀 After Effects
labels	璅惜憿蝞∠?嚗?撌脫?? ColorFlow ??
labels-ppro	摰璅內撌脖??塚?銝 Premiere Pro 撠
laser-type	?桐???摮?蝝?嚗??舫 AE 憭???砍極??latex2svg	摰?Ｗ?????舀撖衣?撖阡??隤芣?嚗?閬?銝誑?迂?葫?園?
launchbox	?芰靘???Ebberts+Zucker ?芸振撌亙??launcher嚗??舐蝡??賢? AE 撌亙
layer-converter	摰璅內撌脣???layer-force	Premiere Pro 撠?芸?頧??slideshow 撌亙嚗??舀 After Effects
layer-displayer	?詨?憿舐內嚗祟?詨??賢歇??Items and Tags 瘨菔?嚗????啣??桐?憿舐內撌亙
layer-groups	摰璅內撌脣???layer-stage-for-cinema-4d	Cinema 4D 撠憭?剖?臬極?瘀?銝??After Effects
layers2grid	??歇?園???Gridder 2 擃漲??嚗???湔憭雯?潸??????
layer-scan	摰?Ｗ??? Works in ?? Final Cut Pro嚗???After Effects ?舀
layer-selector-toolbar	摰?詨捆?批?? CC 2015嚗??祇???隞?”?找?頞?malty-cuber	摰??蝣箸?蝷箏歇?銝???靘?malty-simple-camera-rig	摰??蝣箸?蝷箏歇?嚗蒂撱箄降?寧?啁? HandyCam
layer-storage	?芾??惜????歇?園???Items and Tags 擃漲??
layout	?亦?Ⅱ摰?Ｗ?????aescripts 銝嚗?銝璆萄??極??swatches	Good Boy Ninja ?箏?嚗oodboy.ninja/swatches嚗??脩巨蝞∠??歇?園???ColorFlow ??
lcdeffect	??渲?? AE CC嚗? LCD嚗RT 摮?蝝??歇?望?葉??TVPixel 瘨菔?
leemsanimationtools	摰璅內撌脣??桐?銝???嚗??啁??砍?? 2017 撟?light-equalizer	摰??蝷箇 Premiere Pro 撠嚗? After Effects 撌亙
letterbox-plus	暺????冽???嚗?撌脫?? Safest Zone ???
lightkit2	摰?Ｗ???蝷?This product is no longer available嚗??曇??舀?極??particlemetrix	摰?Ｗ???蝷?This product is no longer available嚗??曇??舀?極??volumetrix	摰?Ｗ???蝷?This product is no longer available嚗??曇??舀?極??custom-title-path	摰?Ｗ??? Works in ?? Final Cut Pro嚗???After Effects ?舀
lightman	摰?詨捆?批?? CC 2015.3嚗??祇???隞?”?找?頞?lightpath-transitions	Final Cut Pro X 撠頧????After Effects 撌亙
lightroom-shortcut-icons	撌脣??桃? Lightroom Stream Deck嚗ouch Portal ?內?身摰?蝝???lightspeed	摰?Ｗ??????舀 Final Cut Pro嚗? After Effects host
limber-lite	摰璅內?怠?靘?嚗?摰? Limber 撌脫??line-connection-for-cinema-4d	Cinema 4D 撠憭?嚗? After Effects 撌亙
line-dash-animated-typeface	?摮?撠?蝝???銝 After Effects 憭???砍極??layer-library	摰?詨捆?批?? CS6嚗?撌脫???賣摰????蝬剛風??LayerStash
linesculptor-for-cinema-4d	Cinema 4D 撠?拐辣瘝踵見璇??極?瘀???After Effects 撌亙
linkup-suite	Premiere Pro 撠蝬脰楝蝝??汗??頛?隞塚???After Effects 撌亙
lipsynctool	撠?嚗?撌脫?? SF Caddy ??
liquid-glass	銝?菜雯????歇?園???MB Liquid Glass ??
local-diffusion	?????歇?園???Diffusae ??嚗???Stable Diffusion ??嚗?quick-matte	AI ?餉?嚗?撌脫?? Goodbye Greenscreen ??
locations	摰?詨捆?批?? AE CC 2015嚗??祇???銝?????lockdown-for-davinci-resolve	DaVinci Resolve 撠?嚗? After Effects 撌亙
log-for-davinci-resolve	DaVinci Resolve 撠撌亙嚗? After Effects 撌亙
looper-pack	??2K 敺芰蝝?敶梁??NG 摨???AEP 蝯?????嚗??臬????單撌亙
looper-pack-2	??4K 敺芰蝝?敶梁??NG 摨???AEP 蝯?????嚗??臬????單撌亙
looper-pro	Premiere Pro 撠敺芰?撌亙嚗? After Effects 撌亙
lottiefiles	?詨? Lottie ?臬?臬??閬賬摰寞扳炎?亥??寞活瘚?撌脩 Bodymovin嚗ottie ??LottiePacker 閬?
ltcprinter	??靘?macOS ?銝??寧摰寞批?? AE 2021嚗像?啗????之
lutlens	600+ LUT ?身???極?瑟頨?the-parliament	霅唳?撣剜活?”嚗扔撠
magiccaptions	FxFactory ????蝣箇迂??Final Cut Pro workflow extension嚗orks in ?? Final Cut Pro嚗? After Effects host
magic-captions	摰?Ｗ???蝷箇 Final Cut Pro workflow extension嚗orks in ?? Final Cut Pro嚗???After Effects 撌亙
malcolm-in-the-center	摰璅內撌脣??殷?銝摰寞批?? AE CC嚗S 蝟餃???
malty-closer	??潮?????????嚗??賡??澆銝銝??寧??砍???拇? AE 銝誨
malty-snapshot	摰??蝣箸?蝷箏歇?銝???靘?loopmaster	銝?祇??萄蔣?潦??iggle??頧?頠?敺芰??歇?園???Loopy嚗oop Tools Pro 擃漲??
mantra-vr	Mettle 摰?Ｗ??歇 404嚗??????雿??Ｖ?摮嚗?ignite-pro	FXhome ?寞?憟???190+ ????嚗?connect-layers-pro	?臬歇?園???Connect Layers ??嚗??虫??Ｗ?
marker-maestro-pro	?亦?Ⅱ摰?Ｗ?????aescripts 銝嚗?skew-pro	Good Boy Ninja ?箏?嚗oodboy.ninja/skew-pro嚗??舫??敶望?歇?園???Keystone ??
markers-pro	Premiere Pro 撠璅?蝞∠?撌亙嚗? After Effects 撌亙
maskstolayers	???桃蔗?啣?撅斤??撌脩頛銝?鋆?????Masks to Cropped Layers II 瘨菔?
mask-transformer	???寞?? Maskform 2 擃漲??嚗???啜摰嚗?函?蝮格?????蝘駁?批
massrename	?桀???Premiere Pro 撠?寞活??賢?撌亙嚗??嫣?璅內 After Effects ?撠?典
match-position	?寥?雿蔭??3D 頧?2D 摨扳?嚗?撌脫?? 3D to 2D Screenspace ??
matchrate	摰璅內撌脣??桐?銝???
matrix	?敺?唳 2013 撟湛?摰?詨捆?批? After Effects CS6嚗歇銝?????matrix-swiper-photoshop-extension	???Photoshop嚗???After Effects 撌亙
mechanicus-transitions-for-fcpx	???Final Cut Pro X嚗???After Effects 撌亙
meshed	Animography ??摮?蝝?嚗??函? After Effects 憭???砍極??mettle-flux	撌脖誑 Mettle FLUX ?園???third-party.jsonl嚗??銝?Ｗ???
mirror-and-offset	摰璅內撌脣??殷?銝血遣霅唳??Smart Key Reverse
mix-color-layers	?敺?唳 2020 撟港?摰?詨捆?批?? AE 2020嚗隞???祆?港?頞?mobchain-photoshop-plugin	???Photoshop嚗???After Effects 撌亙
mobglow-photoshop-plugin	???Photoshop嚗???After Effects 撌亙
mobknife-photoshop-plugin	???Photoshop嚗???After Effects 撌亙
mobo-super-suite	?憭?蝡???瑕憟?嚗??澈???隞?”?批極?瑁???憟?
mochaimport-for-nuke	摰璅內撌脣??殷?銝蜓閬? Mocha ??Nuke 銋????漱??mocode	摰璅內撌脣??桐?銝????湔?耨鋆?modeck-upfront	?? MoDeck ?????桅?隞獢??寞???函雁霅瑞?銝餉? MoDeck ?Ｗ???monoline-text	?敺?唳 2018 撟港?摰?詨捆?批?? AE CC 2018嚗隞???祆?港?頞?monotize	摰撌脣?甇Ｗ?冽?靘??撌脫??TYPE 撌亙
mocha-pro	撌脖誑 Boris FX Mocha Pro ?園???third-party.jsonl嚗??銝?Ｗ???
mographae	cloner嚗ffector 撌亙???歇?園???React ??
motion-4	Mt. Mograph Motion 4 撌脩摰?寧??箏歇?園???Motion Studio
motion-bro	摰?Ｗ??祇??舫?閮剖??典像?堆?銝餉?鞎拙頧?????單??身??撅祉??身嚗???蝭?
motioneer-lite	??箏??寞??Motioneer 摰??蝎曄陛摮?嚗??銴?move-in-time	摰璅內撌脣??殷?銝摰寞批? AE 2020
motion-path-pro	瘝輸??楝敺??恬??歇?園???FlowPath ??
motion-presets-for-premiere-pro	???Premiere Pro嚗???After Effects 撌亙
motion-tweaks	Motion Design School ?箏?嚗?撌脫?? Motion Tools Pro ?????
move-to	?敺?唳 2022 撟港?摰?詨捆?批? AE 2022嚗隞???祆?港?頞?movieprint	?函?敶梁??亥孛銵冽??函?撘??敺?唳 2020 撟湛?摰銝西郎????macOS嚗pple Silicon ?航?⊥???
moving-parents	?嗅???撠?穿?AE ?批遣??極?瑕?誨
mubert-ai-generative-music	摰璅內撌脣??桐?銝???
multi-parent-rigging	?敺?唳 2020 撟港??詨捆?批? AE 2020嚗隞???祆?港?頞?multiple-artboard-generator-for-illustrator	???Illustrator嚗???After Effects 撌亙
multi-replacer	?寞活??嚗?撌脫?? sWITCH嚗niversal Template AutoFill ??
mvrk-for-after-effects	?敺?唳 2023 撟港?摰?詨捆?批? AE 2023嚗隞???祆?港?頞?mvrk-for-cavalry	???Cavalry嚗???After Effects 撌亙
mvrk-for-davinci-resolve	???DaVinci Resolve嚗???After Effects 撌亙
nano-banana-generative-fill-for-photoshop	???Photoshop嚗???After Effects 撌亙
neat-freak	?蝺耨??AEP XML 銝瘜儔???敺?唳 2018 撟氬摰寞批? AE 2020
nexa-bold	Animography ??摮?蝝?嚗??函? After Effects 憭???砍極??nft	摰?⊥?璁艙??璅內 Coming Soon 銝??芸祕??靘??morganite	Animography 摮?蝝?嚗??函? After Effects 憭???砍極??motion-manager	???Cinema 4D ???萄蔣?潸??脩?蝞∠?撌亙嚗???After Effects 撌亙
nn-curves	?亦?Ⅱ摰?Ｗ?????aescripts 銝嚗?銝璆萄??極??comp-setting-tool	?亦?Ⅱ摰?Ｗ?????aescripts 銝嚗?銝璆萄??極??expression-controller	?亦?Ⅱ摰?Ｗ?????aescripts 銝嚗?銝璆萄??極??sennazoli-lines-to-paths	?亦?Ⅱ摰?Ｗ?????aescripts 銝嚗?銝璆萄??極??rapid-slideshow-presentation-maker	撟餌??芋?輻??嚗?璅⊥?扯釭
noodle	Good Boy Ninja ?活閬?蝝??典??恬??歇?園???Delay Motion Pro ??
notecraft	???Premiere Pro嚗???After Effects 撌亙
nx-3-strip	???DaVinci Resolve Studio嚗???After Effects 撌亙
nx-artgrade	???DaVinci Resolve ??DCTL ??PowerGrade 撌亙蝯?銝 After Effects 撌亙
obj-sequence-exporter-for-cinema4d	摰?Ｗ?蝝Ｗ?璅內撌脣??殷?銝 Cinema 4D 撠?臬??color-wiggle	摰?Ｗ?蝝Ｗ?璅內撌脣???stardust-superluminal	撌脫? Stardust嚗escripts.jsonl嚗?銝?銴憓??寧??
obj-vertex-export	?敺?唳 2015 撟港??詨捆?批? AE CC 2015嚗隞???祆?港?頞?obsessive-layers	摰璅內撌脣??殷?銝血遣霅唳??Fresh Trim
okomito-next	Animography 摮?蝝?嚗??函? After Effects 憭???砍極??one-click-center	????詨?撅日暺?雿蔭蝘餉??銝剖?嚗??賡??澆銝銝??舀撌脤? Null ??撅?mtlb-make-the-logo-bigger	?芣?撠?迂??logo ??撅支蒂?箏??曉之嚗??賡??澆銝嚗??詨捆?批? AE CC 2015
one-click-export	???Premiere Pro嚗edia Encoder嚗???After Effects 撌亙
oneclickexport-for-photoshop	Photoshop 撠
organic-rig-pro	摰??璅???嚗銝撖阡??隤芣?
origami-hexagons-pack-1	???園? Origami ??蝔桀閫雯?潮??摰對??蝡極??outlined-style-pack-for-animation-composer	摰璅內撌脣??殷?銝 Animation Composer ?見撘???
overlap	摰璅內撌脣??桐?銝???
overset-fixer-pro	???InDesign ?滯?箸?摮耨敺抬?銝 After Effects 撌亙
p9-scriptui-builder	摰璅內撌脣??桐?銝???
paint-and-stick	摰?Ⅱ璅內銝??Apple Silicon嚗隞?macOS ?詨捆?找?頞?paint-out	摰璅內撌脣??殷?銝血遣霅唳??Lockdown
paper-pieces	摰?Ｗ??? Works in ?? Final Cut Pro嚗???質??飛銋?摰?Final Cut Pro
paragraph-on-a-path	撌脖誑摰????URL ?園? Paragraph on a Path嚗??箏??Ｗ??? sitemap 頝臬?
parallaxer	銝??3D 閬榆嚗?撌脫?? AnimateParallax ??
parallel	???Premiere Pro ???Ⅳ?郊嚗???After Effects 撌亙
parallel-animated-typeface	?桐? Animography ??摮?蝝?嚗??舫 After Effects 撌亙
particle-illusion-pro	?函???摮?擃????祇?撌脫? BCC Particle Illusion
particle-pro	??西頃 Stardust ?雿輻嚗惇??Stardust ????閮?monkeysauce	?芸?閫貊?單?嚗?撌脫?? SoundBox ??
pastepath	璆萄??銝??單嚗楝敺?鋆質票銝?
path-duplicator	摰?詨捆?批?? After Effects CC 2015嚗隞???祆?港?頞?permanent-markers-for-premiere-pro	???Premiere Pro嚗???After Effects 撌亙
path-selection-mode	璆萄??銝??單嚗楝敺?暺?孵?嚗?fractal-volume	?歇?園???Fractal Noise 3D ? 3D 蝣耦??嚗??賡?銴?colume	?歇?園???Light Volume ????嚗?D ??皜脫?嚗????
pattoon	摰?詨捆?批?? After Effects 2023嚗隞???祆?渲?閮?頞?perfect-pitch	???Premiere Pro ?閮????擃?銝 After Effects 撌亙
pattr	FxFactory ??????After Effects 雿?蝷?This product is no longer available嚗惇?撌亙
payhip-1o8i3	AM Reverse Path ?芸?頧?? Mask嚗ezier Shape Path ?孵?嚗歇??ReverseMaskPath?enpal 2 蝑?楝敺極?瑟項??booth-7923918	AudioGlide ????單??郊?圈????甈⊥?????孵??賣摰銝?游??貊? SyncAudio_To_Precomp ??
payhip-m8ayu	SaaS Panel Kit ??撅斤??踴?蝘颯?蝺????獢遣蝵殷????Liquid Glass 蝟餌絞???UI ?Ｘ撌亙??
payhip-pulse-x	Pulse X ?葉????鋆賬??遣蝡?Null嚗djustment嚗olid ????撣貉???嚗??暹?憭?撌乩?瘚??Ｘ擃漲??
payhip-tmqzs	One Click Liquid Glass ??撠?蝘颯???批撅文極雿?撌脩 MB Liquid Glass ???澈?批遣 Liquid Glass ?瘨菔?
payhip-tnvuy	Project Organizer ????憿撩瑼??冗???斗?券??株?璅惜蝯曹?嚗歇??OrganizerPro 蝑??游?獢?極?瑟項??payhip-uo18o	Binzii_FastEase 靘?暸雿蔭隤踵?拙??萄蔣?潛?蝺拙?撜啣潘?雿??澈撌脫? Flow?ease?urveConductor 蝑摰?脩?撌亙
pftrack-2d-data-importer	摰?詨捆?批?? After Effects CC 2019嚗隞???祆?港?頞?pixel-cloud	摰璅內撌脣??桐?銝???
photoshop-pro-toolkit-for-stream-deck	Photoshop ??Stream Deck 撌亙??銝 After Effects 撌亙
photoshop-shortcut-icons	Photoshop 敹急?萄?蝷箇???銝 After Effects 撌亙
pixel-bender-accelerator	銝??Apple Silicon嚗?摰?詨捆?批?? After Effects 2020
pixel-bender-accelerator-for-photoshop	Photoshop 撠?嚗???After Effects 撌亙
pixel-extender	瘝輸蝵拙辣撅?撅歹??歇?園???Extendo ??
pixel-sorter-4-for-photoshop	Photoshop 撠?嚗???After Effects 撌亙
pixie	?函???AI ???渡??蝔?嚗???After Effects 憭????plumepack	???Premiere Pro ??獢??渲?慦?鋆?撌亙嚗???After Effects 撌亙
plexus-obj-sequence-exporter-for-c4d	Cinema 4D 撠 Plexus OBJ 摨??臬?剁?銝 After Effects 撌亙
plexus-render-only	? Plexus ??render-only ???賊?嚗??舐蝡???撌亙
pointposition-c4d	Cinema 4D 撠雿蔭??憭?嚗???After Effects 撌亙
polka-dots-maker	璆萄???暺?獢??極??easy-clones	2D ??蝟餌絞嚗?撌脫?? React嚗Cloner Pro嚗Cloner ??
polydivider-for-cinema-4d	Cinema 4D 撠憭?敶Ｙ敦?極?瘀?銝 After Effects 撌亙
polyline	摰????蝷箏歇?銝???靘?湛?銝??曇??舀??撌亙
postproduction-master-for-photoshop	Photoshop 撠敺ˊ撌亙嚗???After Effects 撌亙
powersearch	Premiere Pro 撠撠???蝔踵?撠極?瘀?銝 After Effects 撌亙
ppro-audio-batch-exporter	Premiere Pro 撠?唾??寞活?臬?剁?銝 After Effects 撌亙
pq-art-parts	Premium Beat ?身閮???嚗??舫 After Effects 憭????pq-fui-toys	Premium Beat ??FUI ?蝝???銝? After Effects 憭????pq-grit-kit	Premium Beat ??蝎?????嚗??舫 After Effects 憭????pq-mo-bits	Premium Beat ????敶Ｙ???嚗??舫 After Effects 憭????pq-type-boi	Premium Beat ??摮??怎???嚗??舫 After Effects 憭????plug-n-telligence	摰隞?蝷?Coming Soon嚗??∪?函?靘霅??園?
pq-postperfect	Premium Beat ??鋆質?閬箇???嚗??舫 After Effects 憭????premiere-pro-shortcut-icons	Premiere Pro 敹急?萄?蝷箇???銝 After Effects 撌亙
pre-compose-pro	?Ｗ?撌脣?甇Ｚ痔?殷?摰??蝷?No Longer Available
primitives	?Ｗ?撌脣?甇Ｚ痔?殷?摰??蝷?No Longer Available
prism-and-hues-for-final-cut-pro-x	Final Cut Pro X 撠??嚗???After Effects 撌亙
project-cleaner	?Ｗ?撌脣?甇Ｚ痔?殷??敺?啗??詨捆?????2013 撟湛?After Effects CC
projection	?Ｗ?撌脣?甇Ｚ痔?殷?摰?Ⅱ撱箄降?寧?砍澈撌脫?? Projection 3D
project-item-labels	?撌脩?砍澈?園???Prism 2 瘨菔?嚗?????游?撅扎?獢??柴蝵拙?憭車?芸???閬?
project-sorter	撠?蝝??芸???嚗?撌脫?? Project Doctor嚗oot ??
project-sync	?Ｗ?撌脣?甇Ｚ痔?殷??敺摰寧??砍?? After Effects CC 2014
prota-typeface	?桐???摮?蝝?嚗??舫 After Effects 憭????pre-compose-geek	?Ｗ?撌脣?甇Ｚ痔?殷?銝??舀??After Effects CC 2015
pt-autoexpress	URL alias嚗歇?望摨?pt_AutoExpress ????canonical ???格項??pt-cropprecomps	URL alias嚗歇?望摨?pt_CropPrecomps ????canonical ???格項??pt-effectsearch	URL alias嚗歇?望摨?pt_EffectSearch 3 ????canonical ???格項??pt-importsubtitles	URL alias嚗歇?望摨?pt_ImportSubtitles ????canonical ???格項??qp-proxyman	?Ｗ?撌脣?甇Ｚ痔?殷??敺摰寧??砍?? After Effects CC 2015
qp-grade-assistant	??撅內鞎拙嚗?摰?詨捆皜?芸 After Effects CC 2015嚗撩銋隞???祆??qp-nuclear-lut	摰?詨捆皜?芸 After Effects CC 2015嚗??批遣?脣蔗蝞∠?撌脣之撟??莎?銝??箇隞?誨銵典極??queuemaster	?敺?唳 2020 撟湛?摰?詨捆皜?芸 After Effects CC 2019嚗?園?隞?渡隞???祉? QueueUp
qualitycontrol	?Ｗ?撌脣?甇Ｚ痔?殷?摰??蝷?No Longer Available
quick-access	?敺摰寧??砍?? After Effects 2021嚗撩銋隞???祆??quick-add	?敺摰寧??砍?? After Effects 2022嚗??頛蝷?銝??箇隞?誨銵典極??quick-preview	?Ｗ?撌脣?甇Ｚ痔?殷?摰??蝷?No Longer Available
quick-delete-and-reset	璆萄??甈∪?歹??蔭撠極??freegradient	摰撌脫? proGradient嚗?撱?蝷箇 freeGradient ??ａ?鋆踝?嚗roGradient 撌脫??keyless-zoom	蝮格撌亙嚗?撌脫?? ClickZoom Pro嚗uperZoom ??
quick-parent-pro	璆萄??摮????撌亙嚗E ?批遣 pick whip ?臬?隞?decomposetext	?????惜嚗?撌脫?? TextExploder ??
quick-tonemapper	摰?詨捆皜?芸 After Effects 2022嚗撩銋?撟渡??祆??pushr	Illustrator ??Cinema 4D 撠璈撌亙嚗摰寞??桐???After Effects
quiver	???Ｗ????Premiere Pro 2020+嚗??賣 timeline clip ?嚗?翰?瑕極?瘀?瘝? After Effects host 霅?嚗?撠?璅??仿?
radnika	?桐??摮?蝝?嚗??舫 After Effects 憭????rainfx-photoshop-extension	Photoshop 撠 Extension嚗???After Effects 撌亙
railway	Good Boy Ninja ?箏?嚗oodboy.ninja/railway嚗?瘝輯楝敺??怨?撌脫?? FlowPath ??
randomizer	?鋡急頛芣?????舀?曆誨 AE ??Randomatic 2 摰瘨菔?
random-roller	璆萄??璈?摨極??textyle-studio	????身嚗?撌脫?? TextFlex ??
random-wiggler	Premiere Pro 撠撌亙嚗摰寞??桐???After Effects
rasterfast	摰?詨捆皜?芸 After Effects 2020嚗撩銋隞???祆??rasterize-for-davinci-resolve	DaVinci Resolve 撠撌亙嚗摰寞??桐???After Effects
rav-rive-animation-viewer	?函?獢 Rive 瑼Ｚ???舀??函?撘?銝 After Effects 憭????rd-compsetter	?敺?唳 2014 撟湛?摰?詨捆皜?芸 After Effects CC嚗S6 蝑???rd-kinda-sorta	?敺?唳 2013 撟湛?摰?詨捆皜?芸 After Effects CC 2014嚗S6 蝑???rd-render-layers	?敺?唳 2014 撟湛?摰?詨捆皜?芸 After Effects CC嚗S6 蝑???rd-scooter	?? redefinery ?單嚗??寧摰寞??格瘨菔??曆誨 After Effects
rd-slicer	?? redefinery ?單嚗??寧摰寞??格瘨菔??曆誨 After Effects
rd-studio-techniques	??葆??靘?祇???銝??蝬剛風?隞???real-glow	?Ｗ?撌脣??ｇ?摰??摰?其??函雁霅瑞? Deep Glow
realbook-for-cinema-4d	Cinema 4D 撠撌亙嚗????詨捆皜銝 After Effects
real-glow-render-only	撌脣???Real Glow ??皜脫????惇??銝?函?撌亙
realmagazine	Cinema 4D 撠??3D ???身嚗摰寞??桐???After Effects
recolor	撠?憿瑼Ｚ??踵?嚗?撌脫?? ColorFlow ??
recursive-scale-comp	?敺?唳 2013 撟湛?摰?詨捆皜?芸 After Effects CS6嚗S5 蝑???rename-ninja	Photoshop 撠 UXP 憭?嚗???After Effects 撌亙
reduce-footage-layers	?敺?唳 2020 撟湛?摰?詨捆皜?芸 After Effects 2020
rename-and-change-toolkit-for-premiere	Premiere Pro 撠銝歇?嚗??寞?摰 Rename It ??Change It ?誨
rename-it	Premiere Pro 撠?寞活?賢???極?瘀??詨捆皜銝 After Effects
rendergarden	摰??璇隤芣?撌脫?蝷箏??殷?銝嚗??園? discontinued ?Ｗ?
renderhogs	?敺?唳 2021 撟湛?摰?詨捆皜?芸 After Effects 2020
rendersegments	Premiere Pro嚗edia Encoder 撠 Marker ?挾頛詨撌亙嚗摰寞??桐???After Effects
rendersounds	?敺?唳 2016 撟湛?摰?詨捆皜?芸 After Effects CC 2015嚗S6 蝑???rigfast-web-browsers	?Ｗ?撌脫???Ｖ?銝?鞎拙嚗蒂閬? AE 2019 雿輻 Legacy ExtendScript ??撘???rigomator	?敺?唳 2020 撟湛?摰?詨捆皜?芸 After Effects CC 2019
render-templates	?Ｗ?撌脣??ｇ?摰?詨捆皜?芸 After Effects CC 2015
renomi	撌脣?甇Ｚ痔?桃? Cinema 4D 憭?摨?蝞∠?撌亙嚗???After Effects 憭?
rescue-matte-cleaner	?Ｗ?撌脣??Ｖ?銝?鞎拙嚗??寧摰寞??桀??After Effects 2021
rescue-matte-filler	?Ｗ?撌脣??Ｖ?銝?鞎拙嚗??寧摰寞??桀??After Effects 2021
retro-computer-effect-bundle	憟????撌亙撌脣銵??mettle-suite	憟???Mettle ?撌亙撌脫??tracking-bundle	憟???progradient-plus-gradienthub-bundle	憟????拙極?琿撌脣?園?
retrodots	Frischluft ?祥璆萄??曄雯暺??????極?琿???hsl-selection	Frischluft ?祥撌亙嚗 Flair嚗enscare ?批遣?豢??寞??蝡?嚗??賡???booth-8407950	VRChat嚗IDI ?賊?嚗? AE 撌亙
ripple-edit	?Ｗ?撌脣??Ｖ?銝?鞎拙嚗??寧摰寞??桀??After Effects 2022
roughcut	?怠?鞎拙銝???詨捆 Premiere Pro嚗蒂??After Effects 撌亙
santas-little-credit-helper	?敺?唳 2020 撟湛?摰?詨捆皜?芸 After Effects 2020
save-actions	?撌脩?????舀?曆誨 AE?靽??游??拐辣憿???Save Objects 2 摰?游?
save-comp-as-project	摰????蝷箏歇?嚗?摰撌脣遣霅唳??AEVIEWER Pro
scatter-stuff-photoshop-extension	?? Photoshop 雿輻????踝?銝 After Effects 撌亙
screen-equalizer	摰????蝷箏歇?嚗????曇??舀????撟甇?極??shape-elements-pack-for-animation-composer	蝝耦?????銝蝡??歇?銝行蝝閮
script2sequence	???Premiere Pro嚗???After Effects 撌亙
selector-for-premiere-pro	?? Premiere Pro 雿輻嚗???After Effects 撌亙
separate-rgb	撌脣 third-party.jsonl ?園? Rowbyte Separate RGB嚗?誑銝???蝬脣???撱箸?
separate-rgb-render-only	? Separate RGB ?隞蝞?蝭暺?甈?銝?函???
sequence-hub	???Premiere Pro嚗???After Effects 撌亙
sequence-inspector	Premiere Pro 撠嚗???蝞∴?
sequence-ninja	Windows ?函?獢蝔?嚗???After Effects ?游?
set-matte-texture-pack-02	撌脰? Pack 01 ?蔥?園???Set Matte Texture Packs 01/02 variants
sfx-studio	???Premiere Pro嚗???After Effects 撌亙
shadowcast-for-davinci-resolve	?? DaVinci Resolve 雿輻嚗???After Effects 撌亙
shadows-substance	摰?Ｗ??? Works in ?? Final Cut Pro嚗???After Effects ?舀
shapes-and-masks	摰????蝷箏歇?嚗????曇??舀???單
shape-shifters	Adobe ?Ｘ?抒??撖萇?嚗????寞????急?鋆賭?撌乩?瘚???shareio	?? Cinema 4D 雿輻嚗???After Effects 撌亙
shape-transitions-for-animation-composer	蝝??湧?閮剖?嚗??函???撌脣???shape-up	摰????蝷箏歇?嚗????曇??舀???單
shhh	???Premiere Pro嚗???After Effects 撌亙
shift	?亦?Ⅱ摰?Ｗ????迂??嚗瘜Ⅱ隤???
shifter	靘??舫???嚗?撌脫?? Keystone ??
shotify	???Premiere Pro嚗???After Effects 撌亙
shotlist-creator-for-davinci-resolve	?? DaVinci Resolve 雿輻嚗???After Effects 撌亙
shotnotes	Digital Anarchy 摰??蝷箏?舀 Premiere Pro 2023 隞乩?
shotviz	摰????蝷箏歇?嚗????曇??舀??metadata 撌亙
silence-remover	???Premiere Pro嚗???After Effects 撌亙
silica-for-davinci-resolve	?? DaVinci Resolve 雿輻嚗???After Effects 撌亙
simple-mix-dctl	DaVinci Resolve ??DCTL 撌亙嚗???After Effects ??
skybox-360-post-fx	摰????蝷箏歇?嚗??賭漲撌脫??Adobe ?批遣撌亙
skybox-360-post-fx-2	撌脰?蝚砌?憟?雿菜? SkyBox 360 Post FX 1/2 variants
skybox-360-vr-tools-for-premiere-pro	?? Premiere Pro 雿輻嚗???After Effects 撌亙
skybox-360-vr-transitions-pack-1-for-premiere-pro	?? Premiere Pro 雿輻嚗???After Effects 撌亙
skybox-360-vr-transitions-pack-2-for-premiere-pro	?? Premiere Pro 雿輻嚗???After Effects 撌亙
skybox-studio-v2	摰?Ｗ???蝷箇 3 scripts + 4 plugins ??360嚗R workflow solution嚗惇憟辣???桐?撌亙嚗?銝?游?閬??仿?
slash-transitions	?? Final Cut Pro X 雿輻嚗???After Effects 撌亙
slice-it-up-cinema4d	?? Cinema 4D 雿輻嚗???After Effects 撌亙
slice-it-up-illustrator	?? Illustrator 雿輻嚗???After Effects 撌亙
slides-and-grids	蝬脫?劂??嚗?撌脫?? SplitGrid嚗rid Builder ??
slim-expression-controls	摰????蝷箏?甇Ｚ痔?殷?摰撌脣遣霅唳??Pseudo Effect Maker
slip-sync	?? Premiere Pro 雿輻嚗???After Effects 撌亙
smart-adapt-annual	??smart-adapt ?箏?銝?Ｗ??僑蝜唾??梢?嚗歇?蔥?園?
smart-baker	摰????蝷箏?甇Ｚ痔?殷?銝摰寞批?唳??AE ?
smartcollect-for-nuke	?? Nuke嚗ukeX 雿輻嚗???After Effects 撌亙
smart-collect-for-premiere-pro	?? Premiere Pro 雿輻嚗???After Effects 撌亙
smartcommand-for-nuke	?? Nuke嚗ukeX 雿輻嚗???After Effects 撌亙
smartelements-for-nuke	?? Nuke嚗ukeX 雿輻嚗???After Effects 撌亙
smartlib	Nuke 撠??獢??⊿蝞∠?蝟餌絞嚗???After Effects 撌亙
smartlink-for-nuke	?? Nuke嚗ukeX 雿輻嚗???After Effects 撌亙
smartlog-for-nuke	?? Nuke嚗ukeX 雿輻嚗???After Effects 撌亙
smartlook-for-nuke	?? Nuke嚗ukeX 雿輻嚗???After Effects 撌亙
smartmedia	??函???雿誑 Nuke ?箄?瑼???摰?詨捆?批???Nuke嚗ukeX
smart-mediacomp-automator	?寞活憛怠?擃??歇?園???Universal Template AutoFill ??
smartmessage	?? Nuke嚗ukeX ??Maya 雿輻嚗???After Effects 撌亙
smartrecents	Nuke 撠????祇?嚗???After Effects 撌亙
smartrender-for-nuke	?? Nuke嚗ukeX 雿輻嚗???After Effects 撌亙
smartrescue-for-nuke	?? Nuke嚗ukeX 雿輻嚗???After Effects 撌亙
smartscripter-for-nuke	?? Nuke嚗ukeX 雿輻嚗???After Effects 撌亙
smartshelves	Nuke 撠??暺? Gizmo 撌亙?嗥恣?嚗???After Effects 撌亙
snapframe	?桀撐摮?嚗?撌脫?? Batch Shot ??
social-beam	摰????蝷箏?甇Ｚ痔?殷?銝撣?蝔歇銝?渡銵?Stories嚗eels
social-exporter-premiere-pro	?? Premiere Pro 雿輻嚗E ?撌脣隞?social-exporter ?園?
spectra-collection-one	??spectra ?箏?蝟餃?蝝?嚗歇?蔥??Spectra / Spectra Collection One 璇銝虫誑 variants ???spiderweb-c4d	?? Cinema 4D 雿輻嚗???After Effects 撌亙
sphere-utilities	摰?Ｗ????箏??怠????Ｗ極?瑞? package嚗??撌亙?迂???賡??⊥???嚗?銝?游?閬??仿?
spill-slayer	摰????蝷箏?甇Ｚ痔?殷?銝??園??∠銵?渡????餅滯?脣極??squall	摰????蝷箏?甇Ｚ痔?殷?銝??園??∠銵?渡???蝔?蝣潸撓?箏極??yuvsoft-geometry-corrector	摰????蝷箏歇?嚗??芣??Windows 7嚗E CC 2014 ?誨?啣?
spotifyctrl	??AE ?扳??Spotify嚗?敶勗?鋆賭??⊿?
spraydelic-photoshop-plugin	?? Photoshop 雿輻嚗???After Effects 撌亙
spring-ease	??批?頝喳??恬??歇?園???OverAct ??
squash-and-stretch-pro	??squash-and-stretch ?箏??Ｗ???Pro ?嚗歇?蔥??Squash & Stretch Free / Pro V2 璇銝虫誑 variants ???stack-the-bend-c4d	?? Cinema 4D 雿輻嚗???After Effects 撌亙
still-exporter	?? Premiere Pro 雿輻嚗???After Effects 撌亙
stock-search-pro	蝺?蝝???嚗?撌脫?? Mt. Mograph Wander ??
stone-dctl	?? DaVinci Resolve Studio 雿輻??DCTL嚗???After Effects 撌亙
stop-motion-convert	?? Premiere Pro 雿輻嚗???After Effects 撌亙
storyboard-maker-premiere	?? Premiere Pro 雿輻嚗E ?撌脣隞?storyboard-maker ?園?
stratify	?惜?舫???嚗?撌脫?? Keystone ??
stretchmatic-photoshop-extension	?? Photoshop 雿輻嚗???After Effects 撌亙
strokestyler	摰?Ｗ??歇銝????舀撠???像?唳???批捆嚗銝??styler-durden-dctl	?? DaVinci Resolve Studio 雿輻??DCTL嚗???After Effects 撌亙
stylarender	摰??璇隤芣?撌脫?蝷箏??殷?銝嚗??園? discontinued ?Ｗ?
submachine	摮??Ｙ????典??賢?靘?Premiere Pro 雿輻嚗fter Effects ?芰?潔耨?寥??MOGRT嚗??臬?瑁?撟喳
subtext	Premiere Pro 撠嚗?撟楊頛荔?
sunny-day	摰??璇隤芣?撌脫?蝷箏??殷?銝嚗??園? discontinued ?Ｗ?
supawipe	FxFactory ??????After Effects 雿?蝷?This product is no longer available嚗惇?撌亙
super-sweeper	撠??渡?嚗?撌脫?? Root嚗roject Doctor ??
surgeon-dctl	?? DaVinci Resolve 雿輻??DCTL 蝷箸郭?典??極?瘀?銝 After Effects 撌亙
svg2ae	SVG ?臬嚗?撌脫?? ToothPaste ??
svg2premiere	?? Premiere Pro 雿輻嚗???After Effects 撌亙
swappy	璆萄??極?瘀?鈭斗?憛怨????
swift-slides	?? Premiere Pro 雿輻嚗???After Effects 撌亙
swiss-knife	摰隤芣??芸神??0 ?極?瑞?蝯????乩??啣擃???relativity	?惜??嚗?撌脫?? The Positioner嚗eystone ??
switch-camera-by-markers-c4d	?? Cinema 4D 雿輻嚗???After Effects 撌亙
syncsketch-after-effects	SyncSketch ???芣撖阡蝡?frame-accurate review?酉閮?D model collaboration?PI ??webhooks嚗?????After Effects plugin?EP嚗XP panel ??AE host嚗?鋆???excalibur	???Ｗ????Premiere Pro 2020+嚗???effects嚗resets嚗ransitions workflow extension嚗?瘝? After Effects host 霅?嚗?撠?璅??仿?
system-monitor-pro-for-cinema-4d	?? Cinema 4D 雿輻嚗E ?撌脣隞?system-monitor-pro-for-after-effects ?園?
takematpass	?? Cinema 4D 雿輻嚗???After Effects 撌亙
target-4d	?? Cinema 4D 雿輻嚗???After Effects 撌亙
tca-redshift-bg-and-floor	?? Cinema 4D嚗edshift 雿輻嚗???After Effects 撌亙
templater-bot	??templater ?箏??Ｗ?摰嗆???Bot ?嚗歇?蔥??Templater Rig / Pro / Bot 璇銝虫誑 variants ???templater-bot-annual	Templater Bot 撟渡像???瑕???撌脣?雿菔 Templater Rig / Pro / Bot 璇
templater-bot-upfront	Templater Bot upfront ???瑕???撌脣?雿菔 Templater Rig / Pro / Bot 璇
templater-pro	??templater ?箏??Ｗ?摰嗆???Pro ?嚗歇?蔥??Templater Rig / Pro / Bot 璇銝虫誑 variants ???templater-pro-annual	Templater Pro 撟渡像???瑕???撌脣?雿菔 Templater Rig / Pro / Bot 璇
templater-pro-upfront	Templater Pro upfront ???瑕???撌脣?雿菔 Templater Rig / Pro / Bot 璇
terrain-builder-cinema	?? Cinema 4D 雿輻嚗???After Effects 撌亙
text-background-pro	Photoshop 撠嚗???After Effects 撌亙
text-presets-for-premiere-pro	?? Premiere Pro 雿輻嚗???After Effects 撌亙
text-replacer-for-premiere-pro	? Premiere Pro ????AE 撱箇???MOGRT嚗???After Effects 撌亙
textreverser	摰?Ｗ?蝬脣??桀??芸??喟???甈橘?瘝??舀撠???????詨捆鞈?嚗銝??textyle-premiere	?? Premiere Pro 雿輻嚗???After Effects 撌亙
text-scatter	????嚗?撌脫?? TextExploder ??
the-power-of-expression	After Effects 銵券?撘?摮豢嚗摮嚗??舐?????單撌亙
tickler	摰??璇隤芣?撌脫?蝷箏??殷?銝嚗??園? discontinued ?Ｗ?
tidyup	摰??璇隤芣?撌脫?蝷箏??殷?銝嚗??園? discontinued ?Ｗ?
tiles-for-davinci-resolve	?? DaVinci Resolve Studio 雿輻嚗???After Effects 撌亙
timespan	摰??璇隤芣?撌脫?蝷箏??殷?銝嚗??園? discontinued ?Ｗ?
tiny-tools	摰??璇隤芣?撌脫?蝷箏??殷?銝嚗??園? discontinued ?Ｗ?
todo-lite	摰??璇隤芣?撌脫?蝷箏??殷?銝嚗??園? discontinued ?Ｗ?
toonit	?桀?摰?????Page not found嚗???詨祕?銵???質? After Effects ?舀
toy-bricks	摰??璇隤芣?撌脫?蝷箏??殷?銝嚗??園? discontinued ?Ｗ?
tp-partio	?? Cinema 4D R13?15 雿輻??Thinking Particles 敹怠?憭?嚗?撌脣??殷?銝 After Effects ?Ｗ?
tracker-master	摰???虫??Ｗ?銵??宏?歹???芸 Tracks Tools?ideo Clone?orner Clone 蝑?摮豢?憿??∟雲憭??質牧??舫?撱箸?
track-to-new-null	璆萄??極?瘀???航◤ AE ?批遣?歇?園?撌亙?誨
transcript-converter	Premiere Pro 撠嚗?蝔踵??伐?
transcriptive	撌脣??桃? Premiere Pro 撠??蝔輻??芷?選?銝??After Effects
transcriptive-powersearch	Digital Anarchy 摰???內??Premiere Pro only嚗??舀 After Effects
transfusion	摰??璇隤芣?撌脫?蝷箏??殷?銝嚗??園? discontinued ?Ｗ?
transitionbuilder	摰?Ｗ??????舀 Final Cut Pro嚗? After Effects host
transition-master-basic	?歇?園???Transition Master 2 Basic / Pro ?箏?銝?Ｗ???鞎餃??函??穿??蔥??variants ?踹?????蝯?
transition-placer	?? Premiere Pro 2024??026 雿輻嚗???After Effects 撌亙
transitions-for-premiere-composer	Premiere Composer 撠頧蝝???銝 After Effects 撌亙
transmitter-for-premiere-pro	?? Premiere Pro 雿輻嚗???After Effects 撌亙
trapcode-mir	撌脩 red-giant.jsonl ??Mir 璇?園?嚗?????桀? Maxon 摰?Ｗ???銝?銴??亥? aescripts ??????true-exif	?? Premiere Pro 雿輻???葉蝜潸???選?銝 After Effects 撌亙
tv-distortion-bundle	憟???goodboy-ninja-colors	Good Boy Ninja ?蟡典極?瘀??歇?園???ColorFlow ??
tvpixel	撌脩 third-party.jsonl ??Rowbyte TVPixel 璇?園?銝阡?摰撱???銝?銴???aescripts ??????tvpixel-render-only	??Ｘ? TVPixel ????暺?甈?銝?虫??????撌脩 third-party.jsonl ??TVPixel 璇瘨菔?
Twixtor-App	摰?Ｗ?蝝Ｗ??內??standalone Twixtor App嚗??祈??澈?園???After Effects 憭?璇
type-anarchy	摰?Ｗ??歇銝?伐??⊥?撽??桀????AE ?詨捆??colorlibrary	摰??璇隤芣?撌脫?蝷箏??殷?銝嚗??園? discontinued ?Ｗ?
typetoon	64 蝯?摮?憿?閮剖?嚗?撌亙?祈澈
ultimate-titles	摰?詨捆?批???Premiere Pro 2020??021嚗惇 Premiere 璅??Ｙ??剁?銝 After Effects 撌亙
ultimate-toolkit-for-premiere-pro	摰?Ｗ??迂?摰寞批??? Premiere Pro嚗蒂??After Effects 撌亙
umami	?? Cinema 4D R12?23 雿輻?璈??豢見璇?嚗???After Effects 撌亙
uniform-resizer-c4d	?? Cinema 4D R16?21 雿輻?移蝣箇?瘥?蝮格撌亙嚗???After Effects 撌亙
uniport	?? Photoshop CC 2018??023 雿輻????交??隞塚?銝??After Effects
unmult	鞈?摨怠歇??universe.jsonl ?園??? Unmult 暺?頧?Alpha ??嚗?誑 aescripts ????銴遣瑼?unwarp-for-photoshop	摰????蝔勗??? Photoshop嚗蒂??After Effects 撌亙
unreality	摰??桀??＊蝷?Coming Soon ??敹萄恐?喉?撠?舀撖衣?????祆??澆?鞈?
utility-buddy	?曉?????撘???嚗?撌脫?? Project Font Pro嚗rankenstein Finder ??
uv-colorizer	摰?詨捆?批???Cinema 4D嚗撱箇? UV islands Color ID ??C4D Python ?單
vanish-bg	摰?詨捆?批???Premiere Pro CC 2022+嚗蒂??After Effects 撌亙
variable-diffusion	摰??璇隤芣?撌脫?蝷箏??殷?銝嚗??園? discontinued ?Ｗ?
variations	?寞活????霈?嚗?撌脫?? COMP-O-RAMA ??
varitext-for-cinema-4d	摰?詨捆?批???Cinema 4D嚗?航?摮?璅?????剁?銝阡? After Effects 撌亙
versa	Premiere Pro 撠嚗????祆??
verticaleditingtools	摰?Ｗ??????舀 Final Cut Pro嚗? After Effects host
vhscam	敺拙?蔣撣嗆????歇?園???CRTX嚗imeMachine嚗nterlaced Glitch ??
vizual-pixelperfect	摰??餈唬誑 Premiere Pro ??蝝??曉之?箔蜓嚗E 蝡臬??賭??Ⅱ
volumetric-transitions	摰?Ｗ??? Works in ?? Final Cut Pro嚗???質??飛銋?摰?Final Cut Pro
voxel-sorter-pro	?歇?園???Voxel Sorter ?頂???嗅?祉??喳
voxferry	摰?Ｗ?摰???ElevenLabs in Premiere嚗?靘?Premiere Pro ??AI ?嚗??脫?蝔?銝阡? After Effects 撌亙
vybe	瘜Ｗ耦蝔????恬??歇?園???XOscillator Pro ??
waveloq-photoshop-plugin	摰?詨捆?批???Photoshop 2023??026嚗 Photoshop UXP CRT嚗ircuit Bent ????憭?
wiggle-pro	Good Boy Ninja ?箏?嚗oodboy.ninja嚗??芸???wiggle ??AE ?批遣?歇?園???Loop This! Wiggle ??
wq-pro	摰??璇隤芣?撌脫?蝷箏??殷?銝嚗??園? discontinued ?Ｗ?
wrap-it-for-ofx	? Resolve?utodesk Flame 蝑?OFX 摰蹂蜓?嚗蒂??After Effects ?嚗E ??蝡??
yuvsoft-color-corrector	摰??璇隤芣?撌脫?蝷箏??殷?銝嚗??園? discontinued ?Ｗ?
yuvsoft-depth-from-stereo-lite	摰??璇隤芣?撌脫?蝷箏??殷?銝嚗??園? discontinued ?Ｗ?
yuvsoft-parallax-corrector-lite	摰????蝷箏歇?嚗??芣??Windows 7嚗E CC 2014 ?誨?啣?
yuvsoft-stereo-processing-suite-lite	撌脣??桃?憟???銝?舀 Windows 7嚗E CC 2014 ?誨?啣?
z-tool	銝剜??祥撌亙蝞梧??亦蝛拙????寧??
